row_id,study_id,product_system,data_origin,is_empirical_ground_truth,generation_method,source_doi,source_url,validation_role,critical_note,phytantriol_pct,soy_lecithin_pct,cct_pct,hydration_ratio,stickiness_score_0_10,oiliness_score_0_10,consistency_index
MERC_SYN_001,MERCURIO_2020_P2,Topical cosmetic emulsion,MODEL_GENERATED_PUBLISHED_EQUATION,False,LATIN_HYPERCUBE_WITHIN_PUBLISHED_FACTOR_RANGE,10.1590/S2175-97902020000318502,https://www.scielo.br/j/bjps/a/MxDgqHGqq43Rn4VMDgcRqyw/?format=pdf&lang=en,NOT_INDEPENDENT_VALIDATION,Synthetic interpolation from author-published response equations; NOT a new lab measurement.,0.9261237879809466,1.801198034544484,3.670634506053651,1.5187827094341941,3.115438056580939,2.8761197599189967,27286.802138372735
MERC_SYN_002,MERCURIO_2020_P2,Topical cosmetic emulsion,MODEL_GENERATED_PUBLISHED_EQUATION,False,LATIN_HYPERCUBE_WITHIN_PUBLISHED_FACTOR_RANGE,10.1590/S2175-97902020000318502,https://www.scielo.br/j/bjps/a/MxDgqHGqq43Rn4VMDgcRqyw/?format=pdf&lang=en,NOT_INDEPENDENT_VALIDATION,Synthetic interpolation from author-published response equations; NOT a new lab measurement.,1.1348708172357376,1.6306082773414947,3.855241875686521,1.5081447321750157,2.9177084887426297,2.765340653307406,27207.549664579958
MERC_SYN_003,MERCURIO_2020_P2,Topical cosmetic emulsion,MODEL_GENERATED_PUBLISHED_EQUATION,False,LATIN_HYPERCUBE_WITHIN_PUBLISHED_FACTOR_RANGE,10.1590/S2175-97902020000318502,https://www.scielo.br/j/bjps/a/MxDgqHGqq43Rn4VMDgcRqyw/?format=pdf&lang=en,NOT_INDEPENDENT_VALIDATION,Synthetic interpolation from author-published response equations; NOT a new lab measurement.,2.6982724170470265,2.2415758081287542,2.0517872130966257,1.546244667394909,3.5134596538964744,3.2275084401818743,29440.20666455293
MERC_SYN_004,MERCURIO_2020_P2,Topical cosmetic emulsion,MODEL_GENERATED_PUBLISHED_EQUATION,False,LATIN_HYPERCUBE_WITHIN_PUBLISHED_FACTOR_RANGE,10.1590/S2175-97902020000318502,https://www.scielo.br/j/bjps/a/MxDgqHGqq43Rn4VMDgcRqyw/?format=pdf&lang=en,NOT_INDEPENDENT_VALIDATION,Synthetic interpolation from author-published response equations; NOT a new lab measurement.,2.3145020894114663,1.690817168752217,3.448458273978652,1.5118993586433882,3.109798093191105,2.9596442485407537,28292.393994396443
MERC_SYN_005,MERCURIO_2020_P2,Topical cosmetic emulsion,MODEL_GENERATED_PUBLISHED_EQUATION,False,LATIN_HYPERCUBE_WITHIN_PUBLISHED_FACTOR_RANGE,10.1590/S2175-97902020000318502,https://www.scielo.br/j/bjps/a/MxDgqHGqq43Rn4VMDgcRqyw/?format=pdf&lang=en,NOT_INDEPENDENT_VALIDATION,Synthetic interpolation from author-published response equations; NOT a new lab measurement.,0.25540842496194577,2.2111654404483474,1.0319646029101237,1.544348276866359,4.207987503269626,3.271870203496814,27334.712787272514
MERC_SYN_006,MERCURIO_2020_P2,Topical cosmetic emulsion,MODEL_GENERATED_PUBLISHED_EQUATION,False,LATIN_HYPERCUBE_WITHIN_PUBLISHED_FACTOR_RANGE,10.1590/S2175-97902020000318502,https://www.scielo.br/j/bjps/a/MxDgqHGqq43Rn4VMDgcRqyw/?format=pdf&lang=en,NOT_INDEPENDENT_VALIDATION,Synthetic interpolation from author-published response equations; NOT a new lab measurement.,2.7215081942031945,1.5084928198569605,4.984908433817103,1.5005296122462801,3.0847630593379654,3.1625760693612315,28362.766365053696
MERC_SYN_007,MERCURIO_2020_P2,Topical cosmetic emulsion,MODEL_GENERATED_PUBLISHED_EQUATION,False,LATIN_HYPERCUBE_WITHIN_PUBLISHED_FACTOR_RANGE,10.1590/S2175-97902020000318502,https://www.scielo.br/j/bjps/a/MxDgqHGqq43Rn4VMDgcRqyw/?format=pdf&lang=en,NOT_INDEPENDENT_VALIDATION,Synthetic interpolation from author-published response equations; NOT a new lab measurement.,1.4404364525783855,1.475505643895263,1.9407898434365314,1.4984725319533085,3.0711263283987993,2.6557049902023158,27233.117058478732
MERC_SYN_008,MERCURIO_2020_P2,Topical cosmetic emulsion,MODEL_GENERATED_PUBLISHED_EQUATION,False,LATIN_HYPERCUBE_WITHIN_PUBLISHED_FACTOR_RANGE,10.1590/S2175-97902020000318502,https://www.scielo.br/j/bjps/a/MxDgqHGqq43Rn4VMDgcRqyw/?format=pdf&lang=en,NOT_INDEPENDENT_VALIDATION,Synthetic interpolation from author-published response equations; NOT a new lab measurement.,0.16084761366182604,2.1179693893100597,3.7588447436420958,1.5385365711173753,3.8374683369356837,3.3683785423254995,27115.508023136754
MERC_SYN_009,MERCURIO_2020_P2,Topical cosmetic emulsion,MODEL_GENERATED_PUBLISHED_EQUATION,False,LATIN_HYPERCUBE_WITHIN_PUBLISHED_FACTOR_RANGE,10.1590/S2175-97902020000318502,https://www.scielo.br/j/bjps/a/MxDgqHGqq43Rn4VMDgcRqyw/?format=pdf&lang=en,NOT_INDEPENDENT_VALIDATION,Synthetic interpolation from author-published response equations; NOT a new lab measurement.,0.24410251056583115,2.465989317947337,4.066419990286716,1.560239093867196,3.887418834737835,3.193830717826257,27706.51432507407
MERC_SYN_010,MERCURIO_2020_P2,Topical cosmetic emulsion,MODEL_GENERATED_PUBLISHED_EQUATION,False,LATIN_HYPERCUBE_WITHIN_PUBLISHED_FACTOR_RANGE,10.1590/S2175-97902020000318502,https://www.scielo.br/j/bjps/a/MxDgqHGqq43Rn4VMDgcRqyw/?format=pdf&lang=en,NOT_INDEPENDENT_VALIDATION,Synthetic interpolation from author-published response equations; NOT a new lab measurement.,0.4956787466152639,0.46082035887410144,1.8111245028559195,1.435196757579389,2.2771660735363777,1.9649395994323524,24917.99167077223
MERC_SYN_011,MERCURIO_2020_P2,Topical cosmetic emulsion,MODEL_GENERATED_PUBLISHED_EQUATION,False,LATIN_HYPERCUBE_WITHIN_PUBLISHED_FACTOR_RANGE,10.1590/S2175-97902020000318502,https://www.scielo.br/j/bjps/a/MxDgqHGqq43Rn4VMDgcRqyw/?format=pdf&lang=en,NOT_INDEPENDENT_VALIDATION,Synthetic interpolation from author-published response equations; NOT a new lab measurement.,2.6610973382952023,0.47981609181984874,1.9024113832356562,1.4363813314858858,3.03097705869791,2.1052956987638995,26772.443469678412
MERC_SYN_012,MERCURIO_2020_P2,Topical cosmetic emulsion,MODEL_GENERATED_PUBLISHED_EQUATION,False,LATIN_HYPERCUBE_WITHIN_PUBLISHED_FACTOR_RANGE,10.1590/S2175-97902020000318502,https://www.scielo.br/j/bjps/a/MxDgqHGqq43Rn4VMDgcRqyw/?format=pdf&lang=en,NOT_INDEPENDENT_VALIDATION,Synthetic interpolation from author-published response equations; NOT a new lab measurement.,0.42203157681147907,0.16277719414665676,0.728644213039308,1.4166107858269856,2.0329648611038995,1.5225481414464723,24409.875806139895
MERC_SYN_013,MERCURIO_2020_P2,Topical cosmetic emulsion,MODEL_GENERATED_PUBLISHED_EQUATION,False,LATIN_HYPERCUBE_WITHIN_PUBLISHED_FACTOR_RANGE,10.1590/S2175-97902020000318502,https://www.scielo.br/j/bjps/a/MxDgqHGqq43Rn4VMDgcRqyw/?format=pdf&lang=en,NOT_INDEPENDENT_VALIDATION,Synthetic interpolation from author-published response equations; NOT a new lab measurement.,2.1227462072868537,1.943115088419365,3.809429291097574,1.5276326569138317,3.0332985205624747,2.911956721469954,28508.248077714725
MERC_SYN_014,MERCURIO_2020_P2,Topical cosmetic emulsion,MODEL_GENERATED_PUBLISHED_EQUATION,False,LATIN_HYPERCUBE_WITHIN_PUBLISHED_FACTOR_RANGE,10.1590/S2175-97902020000318502,https://www.scielo.br/j/bjps/a/MxDgqHGqq43Rn4VMDgcRqyw/?format=pdf&lang=en,NOT_INDEPENDENT_VALIDATION,Synthetic interpolation from author-published response equations; NOT a new lab measurement.,0.4481107531307193,2.8995847258800707,2.0956392386304663,1.5872781035058812,4.092446082442468,2.742957318148976,28527.40875054536
MERC_SYN_015,MERCURIO_2020_P2,Topical cosmetic emulsion,MODEL_GENERATED_PUBLISHED_EQUATION,False,LATIN_HYPERCUBE_WITHIN_PUBLISHED_FACTOR_RANGE,10.1590/S2175-97902020000318502,https://www.scielo.br/j/bjps/a/MxDgqHGqq43Rn4VMDgcRqyw/?format=pdf&lang=en,NOT_INDEPENDENT_VALIDATION,Synthetic interpolation from author-published response equations; NOT a new lab measurement.,0.634050341163355,0.556394741463413,1.6732618912047719,1.4411567760776585,2.383364717802147,2.019175579766707,25177.699701800302
MERC_SYN_016,MERCURIO_2020_P2,Topical cosmetic emulsion,MODEL_GENERATED_PUBLISHED_EQUATION,False,LATIN_HYPERCUBE_WITHIN_PUBLISHED_FACTOR_RANGE,10.1590/S2175-97902020000318502,https://www.scielo.br/j/bjps/a/MxDgqHGqq43Rn4VMDgcRqyw/?format=pdf&lang=en,NOT_INDEPENDENT_VALIDATION,Synthetic interpolation from author-published response equations; NOT a new lab measurement.,1.0078281770415958,0.5346029163880958,4.744168038231838,1.4397978378659617,1.8442061365540785,1.8208182337418366,25460.283351704184
MERC_SYN_017,MERCURIO_2020_P2,Topical cosmetic emulsion,MODEL_GENERATED_PUBLISHED_EQUATION,False,LATIN_HYPERCUBE_WITHIN_PUBLISHED_FACTOR_RANGE,10.1590/S2175-97902020000318502,https://www.scielo.br/j/bjps/a/MxDgqHGqq43Rn4VMDgcRqyw/?format=pdf&lang=en,NOT_INDEPENDENT_VALIDATION,Synthetic interpolation from author-published response equations; NOT a new lab measurement.,2.878385844667426,0.3635522282433338,1.295980916672136,1.4291311169532543,3.2752220330712127,2.107480639254746,26781.69062777176
MERC_SYN_018,MERCURIO_2020_P2,Topical cosmetic emulsion,MODEL_GENERATED_PUBLISHED_EQUATION,False,LATIN_HYPERCUBE_WITHIN_PUBLISHED_FACTOR_RANGE,10.1590/S2175-97902020000318502,https://www.scielo.br/j/bjps/a/MxDgqHGqq43Rn4VMDgcRqyw/?format=pdf&lang=en,NOT_INDEPENDENT_VALIDATION,Synthetic interpolation from author-published response equations; NOT a new lab measurement.,0.7031303463043028,0.7245888872707555,3.314462530737328,1.4516453630102044,2.3230239251172717,2.205027617517238,25487.649500197986
MERC_SYN_019,MERCURIO_2020_P2,Topical cosmetic emulsion,MODEL_GENERATED_PUBLISHED_EQUATION,False,LATIN_HYPERCUBE_WITHIN_PUBLISHED_FACTOR_RANGE,10.1590/S2175-97902020000318502,https://www.scielo.br/j/bjps/a/MxDgqHGqq43Rn4VMDgcRqyw/?format=pdf&lang=en,NOT_INDEPENDENT_VALIDATION,Synthetic interpolation from author-published response equations; NOT a new lab measurement.,2.012183775445981,1.3114741762110804,2.9028506970990744,1.488243529628523,2.9366208845290607,2.644514379780791,27469.784893935088
MERC_SYN_020,MERCURIO_2020_P2,Topical cosmetic emulsion,MODEL_GENERATED_PUBLISHED_EQUATION,False,LATIN_HYPERCUBE_WITHIN_PUBLISHED_FACTOR_RANGE,10.1590/S2175-97902020000318502,https://www.scielo.br/j/bjps/a/MxDgqHGqq43Rn4VMDgcRqyw/?format=pdf&lang=en,NOT_INDEPENDENT_VALIDATION,Synthetic interpolation from author-published response equations; NOT a new lab measurement.,1.9707464236754357,0.11978741171636148,0.5801698690467133,1.4139299429946324,2.3195242705484587,1.1342346679167934,25651.52263625785
MERC_SYN_021,MERCURIO_2020_P2,Topical cosmetic emulsion,MODEL_GENERATED_PUBLISHED_EQUATION,False,LATIN_HYPERCUBE_WITHIN_PUBLISHED_FACTOR_RANGE,10.1590/S2175-97902020000318502,https://www.scielo.br/j/bjps/a/MxDgqHGqq43Rn4VMDgcRqyw/?format=pdf&lang=en,NOT_INDEPENDENT_VALIDATION,Synthetic interpolation from author-published response equations; NOT a new lab measurement.,0.3757102768862599,1.2663975886992298,3.0383163654870513,1.485432553631284,3.0894331223354867,2.943544178534988,26022.345731057725
MERC_SYN_022,MERCURIO_2020_P2,Topical cosmetic emulsion,MODEL_GENERATED_PUBLISHED_EQUATION,False,LATIN_HYPERCUBE_WITHIN_PUBLISHED_FACTOR_RANGE,10.1590/S2175-97902020000318502,https://www.scielo.br/j/bjps/a/MxDgqHGqq43Rn4VMDgcRqyw/?format=pdf&lang=en,NOT_INDEPENDENT_VALIDATION,Synthetic interpolation from author-published response equations; NOT a new lab measurement.,1.2359959857906264,1.8784518192676278,3.5477770345468995,1.5236002554495294,3.062182080633654,2.802011302024882,27663.714747424405
MERC_SYN_023,MERCURIO_2020_P2,Topical cosmetic emulsion,MODEL_GENERATED_PUBLISHED_EQUATION,False,LATIN_HYPERCUBE_WITHIN_PUBLISHED_FACTOR_RANGE,10.1590/S2175-97902020000318502,https://www.scielo.br/j/bjps/a/MxDgqHGqq43Rn4VMDgcRqyw/?format=pdf&lang=en,NOT_INDEPENDENT_VALIDATION,Synthetic interpolation from author-published response equations; NOT a new lab measurement.,2.3599589748634697,1.5184683479409746,0.2220176049300407,1.501151686177599,3.572994966611771,2.9192002657516034,28072.812005285272
MERC_SYN_024,MERCURIO_2020_P2,Topical cosmetic emulsion,MODEL_GENERATED_PUBLISHED_EQUATION,False,LATIN_HYPERCUBE_WITHIN_PUBLISHED_FACTOR_RANGE,10.1590/S2175-97902020000318502,https://www.scielo.br/j/bjps/a/MxDgqHGqq43Rn4VMDgcRqyw/?format=pdf&lang=en,NOT_INDEPENDENT_VALIDATION,Synthetic interpolation from author-published response equations; NOT a new lab measurement.,1.9006306121746253,2.4346283409534926,4.812652680459927,1.5582834233418599,2.8818479772371517,2.7410212556969014,29056.478598851994
MERC_SYN_025,MERCURIO_2020_P2,Topical cosmetic emulsion,MODEL_GENERATED_PUBLISHED_EQUATION,False,LATIN_HYPERCUBE_WITHIN_PUBLISHED_FACTOR_RANGE,10.1590/S2175-97902020000318502,https://www.scielo.br/j/bjps/a/MxDgqHGqq43Rn4VMDgcRqyw/?format=pdf&lang=en,NOT_INDEPENDENT_VALIDATION,Synthetic interpolation from author-published response equations; NOT a new lab measurement.,0.07099906822915453,2.97082671452428,0.7021059618253989,1.591720753917734,4.756697238012807,2.9850529688499785,28316.014298330472
MERC_SYN_026,MERCURIO_2020_P2,Topical cosmetic emulsion,MODEL_GENERATED_PUBLISHED_EQUATION,False,LATIN_HYPERCUBE_WITHIN_PUBLISHED_FACTOR_RANGE,10.1590/S2175-97902020000318502,https://www.scielo.br/j/bjps/a/MxDgqHGqq43Rn4VMDgcRqyw/?format=pdf&lang=en,NOT_INDEPENDENT_VALIDATION,Synthetic interpolation from author-published response equations; NOT a new lab measurement.,0.7270047476201051,0.9343300765471141,1.3352013665969102,1.464724823573478,2.844576097112334,2.43260408245637,25821.65268539332
MERC_SYN_027,MERCURIO_2020_P2,Topical cosmetic emulsion,MODEL_GENERATED_PUBLISHED_EQUATION,False,LATIN_HYPERCUBE_WITHIN_PUBLISHED_FACTOR_RANGE,10.1590/S2175-97902020000318502,https://www.scielo.br/j/bjps/a/MxDgqHGqq43Rn4VMDgcRqyw/?format=pdf&lang=en,NOT_INDEPENDENT_VALIDATION,Synthetic interpolation from author-published response equations; NOT a new lab measurement.,0.552608922693949,1.7530145296311614,0.7677609725635037,1.5157779860677991,3.724380384839133,3.053286825367092,26899.724493985763
MERC_SYN_028,MERCURIO_2020_P2,Topical cosmetic emulsion,MODEL_GENERATED_PUBLISHED_EQUATION,False,LATIN_HYPERCUBE_WITHIN_PUBLISHED_FACTOR_RANGE,10.1590/S2175-97902020000318502,https://www.scielo.br/j/bjps/a/MxDgqHGqq43Rn4VMDgcRqyw/?format=pdf&lang=en,NOT_INDEPENDENT_VALIDATION,Synthetic interpolation from author-published response equations; NOT a new lab measurement.,2.96326447576509,1.178274119964699,1.3899425340713767,1.4799371741209986,3.7566019026982738,3.165969584674648,28072.470101653347
MERC_SYN_029,MERCURIO_2020_P2,Topical cosmetic emulsion,MODEL_GENERATED_PUBLISHED_EQUATION,False,LATIN_HYPERCUBE_WITHIN_PUBLISHED_FACTOR_RANGE,10.1590/S2175-97902020000318502,https://www.scielo.br/j/bjps/a/MxDgqHGqq43Rn4VMDgcRqyw/?format=pdf&lang=en,NOT_INDEPENDENT_VALIDATION,Synthetic interpolation from author-published response equations; NOT a new lab measurement.,0.3936766033598665,2.6559860920065823,3.1907844101261746,1.5720872926975304,3.931909077622386,2.9705976944201735,28116.969010878045
MERC_SYN_030,MERCURIO_2020_P2,Topical cosmetic emulsion,MODEL_GENERATED_PUBLISHED_EQUATION,False,LATIN_HYPERCUBE_WITHIN_PUBLISHED_FACTOR_RANGE,10.1590/S2175-97902020000318502,https://www.scielo.br/j/bjps/a/MxDgqHGqq43Rn4VMDgcRqyw/?format=pdf&lang=en,NOT_INDEPENDENT_VALIDATION,Synthetic interpolation from author-published response equations; NOT a new lab measurement.,2.187844528319814,1.4174526257108124,4.424807542700204,1.4948523457393263,2.825832761041906,2.779373951566932,27776.50696853653
MERC_SYN_031,MERCURIO_2020_P2,Topical cosmetic emulsion,MODEL_GENERATED_PUBLISHED_EQUATION,False,LATIN_HYPERCUBE_WITHIN_PUBLISHED_FACTOR_RANGE,10.1590/S2175-97902020000318502,https://www.scielo.br/j/bjps/a/MxDgqHGqq43Rn4VMDgcRqyw/?format=pdf&lang=en,NOT_INDEPENDENT_VALIDATION,Synthetic interpolation from author-published response equations; NOT a new lab measurement.,1.5240393807440225,2.6209301193828347,2.2235792936866523,1.5699012022447136,3.326904547601365,2.5897103687005343,29017.70616778784
MERC_SYN_032,MERCURIO_2020_P2,Topical cosmetic emulsion,MODEL_GENERATED_PUBLISHED_EQUATION,False,LATIN_HYPERCUBE_WITHIN_PUBLISHED_FACTOR_RANGE,10.1590/S2175-97902020000318502,https://www.scielo.br/j/bjps/a/MxDgqHGqq43Rn4VMDgcRqyw/?format=pdf&lang=en,NOT_INDEPENDENT_VALIDATION,Synthetic interpolation from author-published response equations; NOT a new lab measurement.,2.421189889825364,2.869632048472785,2.263432966027646,1.5854102545427629,3.2031991639567896,2.684333056944699,30146.417433897976
MERC_SYN_033,MERCURIO_2020_P2,Topical cosmetic emulsion,MODEL_GENERATED_PUBLISHED_EQUATION,False,LATIN_HYPERCUBE_WITHIN_PUBLISHED_FACTOR_RANGE,10.1590/S2175-97902020000318502,https://www.scielo.br/j/bjps/a/MxDgqHGqq43Rn4VMDgcRqyw/?format=pdf&lang=en,NOT_INDEPENDENT_VALIDATION,Synthetic interpolation from author-published response equations; NOT a new lab measurement.,1.3512584030265893,1.8310865216533778,3.9333983076702665,1.5206465554903046,2.957911065324073,2.7799909387748953,27690.031112762445
MERC_SYN_034,MERCURIO_2020_P2,Topical cosmetic emulsion,MODEL_GENERATED_PUBLISHED_EQUATION,False,LATIN_HYPERCUBE_WITHIN_PUBLISHED_FACTOR_RANGE,10.1590/S2175-97902020000318502,https://www.scielo.br/j/bjps/a/MxDgqHGqq43Rn4VMDgcRqyw/?format=pdf&lang=en,NOT_INDEPENDENT_VALIDATION,Synthetic interpolation from author-published response equations; NOT a new lab measurement.,2.8342730545265855,1.2357308959074813,0.6592200348066107,1.4835201786687906,3.7613518215964246,3.091375462025725,28049.678085809468
MERC_SYN_035,MERCURIO_2020_P2,Topical cosmetic emulsion,MODEL_GENERATED_PUBLISHED_EQUATION,False,LATIN_HYPERCUBE_WITHIN_PUBLISHED_FACTOR_RANGE,10.1590/S2175-97902020000318502,https://www.scielo.br/j/bjps/a/MxDgqHGqq43Rn4VMDgcRqyw/?format=pdf&lang=en,NOT_INDEPENDENT_VALIDATION,Synthetic interpolation from author-published response equations; NOT a new lab measurement.,1.628282389739503,2.488415039301914,3.6375316987946786,1.5616375618508673,3.088918962223408,2.6685845426040036,28907.306422335005
MERC_SYN_036,MERCURIO_2020_P2,Topical cosmetic emulsion,MODEL_GENERATED_PUBLISHED_EQUATION,False,LATIN_HYPERCUBE_WITHIN_PUBLISHED_FACTOR_RANGE,10.1590/S2175-97902020000318502,https://www.scielo.br/j/bjps/a/MxDgqHGqq43Rn4VMDgcRqyw/?format=pdf&lang=en,NOT_INDEPENDENT_VALIDATION,Synthetic interpolation from author-published response equations; NOT a new lab measurement.,1.2822310257158807,0.8708165855159142,3.9069670129772667,1.4607641222727723,2.324087202635651,2.1831939721146143,26194.81067595706
MERC_SYN_037,MERCURIO_2020_P2,Topical cosmetic emulsion,MODEL_GENERATED_PUBLISHED_EQUATION,False,LATIN_HYPERCUBE_WITHIN_PUBLISHED_FACTOR_RANGE,10.1590/S2175-97902020000318502,https://www.scielo.br/j/bjps/a/MxDgqHGqq43Rn4VMDgcRqyw/?format=pdf&lang=en,NOT_INDEPENDENT_VALIDATION,Synthetic interpolation from author-published response equations; NOT a new lab measurement.,2.448169218071196,0.9536598929358787,0.646976548557775,1.4659302309234814,3.331750509273247,2.551919884969384,27301.97973707428
MERC_SYN_038,MERCURIO_2020_P2,Topical cosmetic emulsion,MODEL_GENERATED_PUBLISHED_EQUATION,False,LATIN_HYPERCUBE_WITHIN_PUBLISHED_FACTOR_RANGE,10.1590/S2175-97902020000318502,https://www.scielo.br/j/bjps/a/MxDgqHGqq43Rn4VMDgcRqyw/?format=pdf&lang=en,NOT_INDEPENDENT_VALIDATION,Synthetic interpolation from author-published response equations; NOT a new lab measurement.,1.786810309425737,1.5894321774248668,0.23424043774926295,1.5055769905842147,3.404031861756658,2.7330712582121426,27695.689846038807
MERC_SYN_039,MERCURIO_2020_P2,Topical cosmetic emulsion,MODEL_GENERATED_PUBLISHED_EQUATION,False,LATIN_HYPERCUBE_WITHIN_PUBLISHED_FACTOR_RANGE,10.1590/S2175-97902020000318502,https://www.scielo.br/j/bjps/a/MxDgqHGqq43Rn4VMDgcRqyw/?format=pdf&lang=en,NOT_INDEPENDENT_VALIDATION,Synthetic interpolation from author-published response equations; NOT a new lab measurement.,2.154317362141951,1.099959438471637,1.6452806057432112,1.4750534705830913,3.077946702207069,2.53561186572672,27273.116655273756
MERC_SYN_040,MERCURIO_2020_P2,Topical cosmetic emulsion,MODEL_GENERATED_PUBLISHED_EQUATION,False,LATIN_HYPERCUBE_WITHIN_PUBLISHED_FACTOR_RANGE,10.1590/S2175-97902020000318502,https://www.scielo.br/j/bjps/a/MxDgqHGqq43Rn4VMDgcRqyw/?format=pdf&lang=en,NOT_INDEPENDENT_VALIDATION,Synthetic interpolation from author-published response equations; NOT a new lab measurement.,2.3073292609181246,2.7839915457983375,3.2438267678053445,1.5800697127959844,3.071454634595617,2.690010459361258,29922.24440332591
MERC_SYN_041,MERCURIO_2020_P2,Topical cosmetic emulsion,MODEL_GENERATED_PUBLISHED_EQUATION,False,LATIN_HYPERCUBE_WITHIN_PUBLISHED_FACTOR_RANGE,10.1590/S2175-97902020000318502,https://www.scielo.br/j/bjps/a/MxDgqHGqq43Rn4VMDgcRqyw/?format=pdf&lang=en,NOT_INDEPENDENT_VALIDATION,Synthetic interpolation from author-published response equations; NOT a new lab measurement.,0.7633365691399263,2.800494203436958,4.45148147479578,1.5810988185263286,3.43147081623498,2.641012063045896,28644.94250984002
MERC_SYN_042,MERCURIO_2020_P2,Topical cosmetic emulsion,MODEL_GENERATED_PUBLISHED_EQUATION,False,LATIN_HYPERCUBE_WITHIN_PUBLISHED_FACTOR_RANGE,10.1590/S2175-97902020000318502,https://www.scielo.br/j/bjps/a/MxDgqHGqq43Rn4VMDgcRqyw/?format=pdf&lang=en,NOT_INDEPENDENT_VALIDATION,Synthetic interpolation from author-published response equations; NOT a new lab measurement.,1.068343840672936,1.2014941383475959,0.9250106344628493,1.481385174467356,3.0719906741711145,2.539918655931885,26509.294677610695
MERC_SYN_043,MERCURIO_2020_P2,Topical cosmetic emulsion,MODEL_GENERATED_PUBLISHED_EQUATION,False,LATIN_HYPERCUBE_WITHIN_PUBLISHED_FACTOR_RANGE,10.1590/S2175-97902020000318502,https://www.scielo.br/j/bjps/a/MxDgqHGqq43Rn4VMDgcRqyw/?format=pdf&lang=en,NOT_INDEPENDENT_VALIDATION,Synthetic interpolation from author-published response equations; NOT a new lab measurement.,1.8692396934535775,1.5554780095294494,0.47934126148235195,1.5034596086742564,3.368120967938126,2.736909499998624,27714.388517493455
MERC_SYN_044,MERCURIO_2020_P2,Topical cosmetic emulsion,MODEL_GENERATED_PUBLISHED_EQUATION,False,LATIN_HYPERCUBE_WITHIN_PUBLISHED_FACTOR_RANGE,10.1590/S2175-97902020000318502,https://www.scielo.br/j/bjps/a/MxDgqHGqq43Rn4VMDgcRqyw/?format=pdf&lang=en,NOT_INDEPENDENT_VALIDATION,Synthetic interpolation from author-published response equations; NOT a new lab measurement.,2.6077434000748436,2.9490449712930373,0.8709509316815645,1.5903624444098339,3.415553937755848,2.737221581283487,30422.5705825441
MERC_SYN_045,MERCURIO_2020_P2,Topical cosmetic emulsion,MODEL_GENERATED_PUBLISHED_EQUATION,False,LATIN_HYPERCUBE_WITHIN_PUBLISHED_FACTOR_RANGE,10.1590/S2175-97902020000318502,https://www.scielo.br/j/bjps/a/MxDgqHGqq43Rn4VMDgcRqyw/?format=pdf&lang=en,NOT_INDEPENDENT_VALIDATION,Synthetic interpolation from author-published response equations; NOT a new lab measurement.,1.5864453527153983,0.9758508516251703,0.3508485684795623,1.4673140591073457,2.9851484955988807,2.280463808425868,26608.524755528484
MERC_SYN_046,MERCURIO_2020_P2,Topical cosmetic emulsion,MODEL_GENERATED_PUBLISHED_EQUATION,False,LATIN_HYPERCUBE_WITHIN_PUBLISHED_FACTOR_RANGE,10.1590/S2175-97902020000318502,https://www.scielo.br/j/bjps/a/MxDgqHGqq43Rn4VMDgcRqyw/?format=pdf&lang=en,NOT_INDEPENDENT_VALIDATION,Synthetic interpolation from author-published response equations; NOT a new lab measurement.,2.6787392638718472,0.5871642833806663,1.1223388923888324,1.4430755647116182,3.2392692221672243,2.2730032646229885,26947.96330785072
MERC_SYN_047,MERCURIO_2020_P2,Topical cosmetic emulsion,MODEL_GENERATED_PUBLISHED_EQUATION,False,LATIN_HYPERCUBE_WITHIN_PUBLISHED_FACTOR_RANGE,10.1590/S2175-97902020000318502,https://www.scielo.br/j/bjps/a/MxDgqHGqq43Rn4VMDgcRqyw/?format=pdf&lang=en,NOT_INDEPENDENT_VALIDATION,Synthetic interpolation from author-published response equations; NOT a new lab measurement.,1.0506436323306987,2.260817824396815,0.9825061688577247,1.5474445995293853,3.6554857688150895,2.815824814718817,28079.611267305754
MERC_SYN_048,MERCURIO_2020_P2,Topical cosmetic emulsion,MODEL_GENERATED_PUBLISHED_EQUATION,False,LATIN_HYPERCUBE_WITHIN_PUBLISHED_FACTOR_RANGE,10.1590/S2175-97902020000318502,https://www.scielo.br/j/bjps/a/MxDgqHGqq43Rn4VMDgcRqyw/?format=pdf&lang=en,NOT_INDEPENDENT_VALIDATION,Synthetic interpolation from author-published response equations; NOT a new lab measurement.,1.9239777610884987,1.0798010459459473,2.547243884219879,1.4737963932251892,2.8275566570932114,2.4358519712708704,27048.712585223806
MERC_SYN_049,MERCURIO_2020_P2,Topical cosmetic emulsion,MODEL_GENERATED_PUBLISHED_EQUATION,False,LATIN_HYPERCUBE_WITHIN_PUBLISHED_FACTOR_RANGE,10.1590/S2175-97902020000318502,https://www.scielo.br/j/bjps/a/MxDgqHGqq43Rn4VMDgcRqyw/?format=pdf&lang=en,NOT_INDEPENDENT_VALIDATION,Synthetic interpolation from author-published response equations; NOT a new lab measurement.,1.0366194165106886,0.3872103364333439,0.005960917478086969,1.4306064365799833,2.378414806089433,1.5896245863406366,25263.9939614242
MERC_SYN_050,MERCURIO_2020_P2,Topical cosmetic emulsion,MODEL_GENERATED_PUBLISHED_EQUATION,False,LATIN_HYPERCUBE_WITHIN_PUBLISHED_FACTOR_RANGE,10.1590/S2175-97902020000318502,https://www.scielo.br/j/bjps/a/MxDgqHGqq43Rn4VMDgcRqyw/?format=pdf&lang=en,NOT_INDEPENDENT_VALIDATION,Synthetic interpolation from author-published response equations; NOT a new lab measurement.,2.51781541374604,0.44101135508703304,1.1997052608227918,1.4339614681032273,2.968981180287949,1.943886524846353,26593.54860374082
MERC_SYN_051,MERCURIO_2020_P2,Topical cosmetic emulsion,MODEL_GENERATED_PUBLISHED_EQUATION,False,LATIN_HYPERCUBE_WITHIN_PUBLISHED_FACTOR_RANGE,10.1590/S2175-97902020000318502,https://www.scielo.br/j/bjps/a/MxDgqHGqq43Rn4VMDgcRqyw/?format=pdf&lang=en,NOT_INDEPENDENT_VALIDATION,Synthetic interpolation from author-published response equations; NOT a new lab measurement.,0.0797006732918763,0.3939443772799417,0.09832419876961485,1.4310263713671771,2.6178559079322037,2.19440907732709,24467.13355021812
MERC_SYN_052,MERCURIO_2020_P2,Topical cosmetic emulsion,MODEL_GENERATED_PUBLISHED_EQUATION,False,LATIN_HYPERCUBE_WITHIN_PUBLISHED_FACTOR_RANGE,10.1590/S2175-97902020000318502,https://www.scielo.br/j/bjps/a/MxDgqHGqq43Rn4VMDgcRqyw/?format=pdf&lang=en,NOT_INDEPENDENT_VALIDATION,Synthetic interpolation from author-published response equations; NOT a new lab measurement.,2.3415445257370777,0.8553929294144313,0.1716015869389606,1.4598023030782838,3.2693238857632605,2.3838731331225556,27065.013452840933
MERC_SYN_053,MERCURIO_2020_P2,Topical cosmetic emulsion,MODEL_GENERATED_PUBLISHED_EQUATION,False,LATIN_HYPERCUBE_WITHIN_PUBLISHED_FACTOR_RANGE,10.1590/S2175-97902020000318502,https://www.scielo.br/j/bjps/a/MxDgqHGqq43Rn4VMDgcRqyw/?format=pdf&lang=en,NOT_INDEPENDENT_VALIDATION,Synthetic interpolation from author-published response equations; NOT a new lab measurement.,2.7521899078254686,1.3602207298093543,2.4630301562001775,1.4912833647109114,3.4546162888174288,3.1063405001981543,28166.75499107433
MERC_SYN_054,MERCURIO_2020_P2,Topical cosmetic emulsion,MODEL_GENERATED_PUBLISHED_EQUATION,False,LATIN_HYPERCUBE_WITHIN_PUBLISHED_FACTOR_RANGE,10.1590/S2175-97902020000318502,https://www.scielo.br/j/bjps/a/MxDgqHGqq43Rn4VMDgcRqyw/?format=pdf&lang=en,NOT_INDEPENDENT_VALIDATION,Synthetic interpolation from author-published response equations; NOT a new lab measurement.,0.851358868283163,1.8855893478837955,3.14132050507024,1.5240453517340335,3.2763047916426196,2.918487609751902,27350.044161124086
MERC_SYN_055,MERCURIO_2020_P2,Topical cosmetic emulsion,MODEL_GENERATED_PUBLISHED_EQUATION,False,LATIN_HYPERCUBE_WITHIN_PUBLISHED_FACTOR_RANGE,10.1590/S2175-97902020000318502,https://www.scielo.br/j/bjps/a/MxDgqHGqq43Rn4VMDgcRqyw/?format=pdf&lang=en,NOT_INDEPENDENT_VALIDATION,Synthetic interpolation from author-published response equations; NOT a new lab measurement.,1.3634844518190175,2.3638600658119215,4.137964571097089,1.5538703137040315,3.075429210001328,2.722747341558885,28497.618781889265
MERC_SYN_056,MERCURIO_2020_P2,Topical cosmetic emulsion,MODEL_GENERATED_PUBLISHED_EQUATION,False,LATIN_HYPERCUBE_WITHIN_PUBLISHED_FACTOR_RANGE,10.1590/S2175-97902020000318502,https://www.scielo.br/j/bjps/a/MxDgqHGqq43Rn4VMDgcRqyw/?format=pdf&lang=en,NOT_INDEPENDENT_VALIDATION,Synthetic interpolation from author-published response equations; NOT a new lab measurement.,1.8593958106627053,1.3726357939302747,2.8726101986927692,1.4920575681094919,2.9237549517079096,2.639696914991009,27432.470218361697
MERC_SYN_057,MERCURIO_2020_P2,Topical cosmetic emulsion,MODEL_GENERATED_PUBLISHED_EQUATION,False,LATIN_HYPERCUBE_WITHIN_PUBLISHED_FACTOR_RANGE,10.1590/S2175-97902020000318502,https://www.scielo.br/j/bjps/a/MxDgqHGqq43Rn4VMDgcRqyw/?format=pdf&lang=en,NOT_INDEPENDENT_VALIDATION,Synthetic interpolation from author-published response equations; NOT a new lab measurement.,2.101533869449164,2.9848337268144376,4.509264953697894,1.5925942312041483,2.8042463952976813,2.4175833537976983,30049.257638697745
MERC_SYN_058,MERCURIO_2020_P2,Topical cosmetic emulsion,MODEL_GENERATED_PUBLISHED_EQUATION,False,LATIN_HYPERCUBE_WITHIN_PUBLISHED_FACTOR_RANGE,10.1590/S2175-97902020000318502,https://www.scielo.br/j/bjps/a/MxDgqHGqq43Rn4VMDgcRqyw/?format=pdf&lang=en,NOT_INDEPENDENT_VALIDATION,Synthetic interpolation from author-published response equations; NOT a new lab measurement.,1.6126834338090337,1.9935108332503266,1.5441441083078162,1.5307753355614904,3.3376230707848373,2.789413731069812,28153.544695214703
MERC_SYN_059,MERCURIO_2020_P2,Topical cosmetic emulsion,MODEL_GENERATED_PUBLISHED_EQUATION,False,LATIN_HYPERCUBE_WITHIN_PUBLISHED_FACTOR_RANGE,10.1590/S2175-97902020000318502,https://www.scielo.br/j/bjps/a/MxDgqHGqq43Rn4VMDgcRqyw/?format=pdf&lang=en,NOT_INDEPENDENT_VALIDATION,Synthetic interpolation from author-published response equations; NOT a new lab measurement.,1.5606991485196218,0.5951385897222364,3.6064639358681476,1.4435728424550787,2.156196412520056,1.8272139277837889,26017.090630207982
MERC_SYN_060,MERCURIO_2020_P2,Topical cosmetic emulsion,MODEL_GENERATED_PUBLISHED_EQUATION,False,LATIN_HYPERCUBE_WITHIN_PUBLISHED_FACTOR_RANGE,10.1590/S2175-97902020000318502,https://www.scielo.br/j/bjps/a/MxDgqHGqq43Rn4VMDgcRqyw/?format=pdf&lang=en,NOT_INDEPENDENT_VALIDATION,Synthetic interpolation from author-published response equations; NOT a new lab measurement.,1.321172964642225,0.014001022181393152,0.8021489881333113,1.4073331037432317,1.8307162860572248,0.8712422450751671,24945.453184977683
MERC_SYN_061,MERCURIO_2020_P2,Topical cosmetic emulsion,MODEL_GENERATED_PUBLISHED_EQUATION,False,LATIN_HYPERCUBE_WITHIN_PUBLISHED_FACTOR_RANGE,10.1590/S2175-97902020000318502,https://www.scielo.br/j/bjps/a/MxDgqHGqq43Rn4VMDgcRqyw/?format=pdf&lang=en,NOT_INDEPENDENT_VALIDATION,Synthetic interpolation from author-published response equations; NOT a new lab measurement.,2.2417323435113516,0.23637014318681748,1.2685341167910829,1.42120004212913,2.539938522055071,1.4507176986496582,26054.498201145972
MERC_SYN_062,MERCURIO_2020_P2,Topical cosmetic emulsion,MODEL_GENERATED_PUBLISHED_EQUATION,False,LATIN_HYPERCUBE_WITHIN_PUBLISHED_FACTOR_RANGE,10.1590/S2175-97902020000318502,https://www.scielo.br/j/bjps/a/MxDgqHGqq43Rn4VMDgcRqyw/?format=pdf&lang=en,NOT_INDEPENDENT_VALIDATION,Synthetic interpolation from author-published response equations; NOT a new lab measurement.,0.9508340171950855,0.9063028365204423,4.699881538978929,1.4629770448854147,2.258274332514017,2.3055008985094316,25968.458616991666
MERC_SYN_063,MERCURIO_2020_P2,Topical cosmetic emulsion,MODEL_GENERATED_PUBLISHED_EQUATION,False,LATIN_HYPERCUBE_WITHIN_PUBLISHED_FACTOR_RANGE,10.1590/S2175-97902020000318502,https://www.scielo.br/j/bjps/a/MxDgqHGqq43Rn4VMDgcRqyw/?format=pdf&lang=en,NOT_INDEPENDENT_VALIDATION,Synthetic interpolation from author-published response equations; NOT a new lab measurement.,2.282217459113874,2.1052902168638683,0.29864985183349874,1.5377458979236307,3.616652675311963,2.9804427164535023,28885.414542551644
MERC_SYN_064,MERCURIO_2020_P2,Topical cosmetic emulsion,MODEL_GENERATED_PUBLISHED_EQUATION,False,LATIN_HYPERCUBE_WITHIN_PUBLISHED_FACTOR_RANGE,10.1590/S2175-97902020000318502,https://www.scielo.br/j/bjps/a/MxDgqHGqq43Rn4VMDgcRqyw/?format=pdf&lang=en,NOT_INDEPENDENT_VALIDATION,Synthetic interpolation from author-published response equations; NOT a new lab measurement.,1.156242523462073,1.6676730053581477,3.967696668185044,1.510456088614134,2.9163982979700487,2.7728153750600653,27281.037842036407
MERC_SYN_065,MERCURIO_2020_P2,Topical cosmetic emulsion,MODEL_GENERATED_PUBLISHED_EQUATION,False,LATIN_HYPERCUBE_WITHIN_PUBLISHED_FACTOR_RANGE,10.1590/S2175-97902020000318502,https://www.scielo.br/j/bjps/a/MxDgqHGqq43Rn4VMDgcRqyw/?format=pdf&lang=en,NOT_INDEPENDENT_VALIDATION,Synthetic interpolation from author-published response equations; NOT a new lab measurement.,0.012805097469315907,2.1937848167003056,4.0297497888827305,1.543264421169431,3.999888997322745,3.4939579915012353,27104.123963890743
MERC_SYN_066,MERCURIO_2020_P2,Topical cosmetic emulsion,MODEL_GENERATED_PUBLISHED_EQUATION,False,LATIN_HYPERCUBE_WITHIN_PUBLISHED_FACTOR_RANGE,10.1590/S2175-97902020000318502,https://www.scielo.br/j/bjps/a/MxDgqHGqq43Rn4VMDgcRqyw/?format=pdf&lang=en,NOT_INDEPENDENT_VALIDATION,Synthetic interpolation from author-published response equations; NOT a new lab measurement.,0.8332995174353497,2.529258333272758,2.9931431444160426,1.5641845496628892,3.552754111755492,2.7888248563144407,28298.04449353422
MERC_SYN_067,MERCURIO_2020_P2,Topical cosmetic emulsion,MODEL_GENERATED_PUBLISHED_EQUATION,False,LATIN_HYPERCUBE_WITHIN_PUBLISHED_FACTOR_RANGE,10.1590/S2175-97902020000318502,https://www.scielo.br/j/bjps/a/MxDgqHGqq43Rn4VMDgcRqyw/?format=pdf&lang=en,NOT_INDEPENDENT_VALIDATION,Synthetic interpolation from author-published response equations; NOT a new lab measurement.,2.6373207108613235,2.404950987117539,4.238460667310424,1.5564327435566498,3.122584156578577,3.127039555136754,29633.293631967485
MERC_SYN_068,MERCURIO_2020_P2,Topical cosmetic emulsion,MODEL_GENERATED_PUBLISHED_EQUATION,False,LATIN_HYPERCUBE_WITHIN_PUBLISHED_FACTOR_RANGE,10.1590/S2175-97902020000318502,https://www.scielo.br/j/bjps/a/MxDgqHGqq43Rn4VMDgcRqyw/?format=pdf&lang=en,NOT_INDEPENDENT_VALIDATION,Synthetic interpolation from author-published response equations; NOT a new lab measurement.,2.4590306194571787,1.1589154953805882,1.4654196749954587,1.4787299702919334,3.316878450332454,2.747679938662111,27618.29696202146
MERC_SYN_069,MERCURIO_2020_P2,Topical cosmetic emulsion,MODEL_GENERATED_PUBLISHED_EQUATION,False,LATIN_HYPERCUBE_WITHIN_PUBLISHED_FACTOR_RANGE,10.1590/S2175-97902020000318502,https://www.scielo.br/j/bjps/a/MxDgqHGqq43Rn4VMDgcRqyw/?format=pdf&lang=en,NOT_INDEPENDENT_VALIDATION,Synthetic interpolation from author-published response equations; NOT a new lab measurement.,0.2855720201640307,0.0547660240470802,2.961407215701435,1.4098752092595759,1.5693843607776263,1.4254161824268459,24133.168894989307
MERC_SYN_070,MERCURIO_2020_P2,Topical cosmetic emulsion,MODEL_GENERATED_PUBLISHED_EQUATION,False,LATIN_HYPERCUBE_WITHIN_PUBLISHED_FACTOR_RANGE,10.1590/S2175-97902020000318502,https://www.scielo.br/j/bjps/a/MxDgqHGqq43Rn4VMDgcRqyw/?format=pdf&lang=en,NOT_INDEPENDENT_VALIDATION,Synthetic interpolation from author-published response equations; NOT a new lab measurement.,2.2276979757434665,1.846615877664403,3.1064744415526304,1.5216149661311522,3.155681747743292,2.9495741376031277,28452.342553407467
MERC_SYN_071,MERCURIO_2020_P2,Topical cosmetic emulsion,MODEL_GENERATED_PUBLISHED_EQUATION,False,LATIN_HYPERCUBE_WITHIN_PUBLISHED_FACTOR_RANGE,10.1590/S2175-97902020000318502,https://www.scielo.br/j/bjps/a/MxDgqHGqq43Rn4VMDgcRqyw/?format=pdf&lang=en,NOT_INDEPENDENT_VALIDATION,Synthetic interpolation from author-published response equations; NOT a new lab measurement.,0.14925337189738502,2.711598861269347,3.3429084004201854,1.5755553049887565,4.193129533576985,3.130583641680343,27994.07770266954
MERC_SYN_072,MERCURIO_2020_P2,Topical cosmetic emulsion,MODEL_GENERATED_PUBLISHED_EQUATION,False,LATIN_HYPERCUBE_WITHIN_PUBLISHED_FACTOR_RANGE,10.1590/S2175-97902020000318502,https://www.scielo.br/j/bjps/a/MxDgqHGqq43Rn4VMDgcRqyw/?format=pdf&lang=en,NOT_INDEPENDENT_VALIDATION,Synthetic interpolation from author-published response equations; NOT a new lab measurement.,0.1309148808683711,2.6055636039816217,3.202917148497599,1.5689429463442939,4.197838485762585,3.216804567647954,27819.9352364453
MERC_SYN_073,MERCURIO_2020_P2,Topical cosmetic emulsion,MODEL_GENERATED_PUBLISHED_EQUATION,False,LATIN_HYPERCUBE_WITHIN_PUBLISHED_FACTOR_RANGE,10.1590/S2175-97902020000318502,https://www.scielo.br/j/bjps/a/MxDgqHGqq43Rn4VMDgcRqyw/?format=pdf&lang=en,NOT_INDEPENDENT_VALIDATION,Synthetic interpolation from author-published response equations; NOT a new lab measurement.,2.214759813592638,2.0269663521729457,4.641404317688382,1.532861621721505,2.9420975211723075,2.9529835024742015,28711.320705957292
MERC_SYN_074,MERCURIO_2020_P2,Topical cosmetic emulsion,MODEL_GENERATED_PUBLISHED_EQUATION,False,LATIN_HYPERCUBE_WITHIN_PUBLISHED_FACTOR_RANGE,10.1590/S2175-97902020000318502,https://www.scielo.br/j/bjps/a/MxDgqHGqq43Rn4VMDgcRqyw/?format=pdf&lang=en,NOT_INDEPENDENT_VALIDATION,Synthetic interpolation from author-published response equations; NOT a new lab measurement.,2.4052394308829697,1.6134431547675017,4.514765136594525,1.5070743151313013,2.97673941333959,2.985280522910978,28253.122137086986
MERC_SYN_075,MERCURIO_2020_P2,Topical cosmetic emulsion,MODEL_GENERATED_PUBLISHED_EQUATION,False,LATIN_HYPERCUBE_WITHIN_PUBLISHED_FACTOR_RANGE,10.1590/S2175-97902020000318502,https://www.scielo.br/j/bjps/a/MxDgqHGqq43Rn4VMDgcRqyw/?format=pdf&lang=en,NOT_INDEPENDENT_VALIDATION,Synthetic interpolation from author-published response equations; NOT a new lab measurement.,1.944283942406822,2.2256604701091316,1.7178886906797028,1.5452521869160054,3.345912498609455,2.823081029524587,28780.576544002906
MERC_SYN_076,MERCURIO_2020_P2,Topical cosmetic emulsion,MODEL_GENERATED_PUBLISHED_EQUATION,False,LATIN_HYPERCUBE_WITHIN_PUBLISHED_FACTOR_RANGE,10.1590/S2175-97902020000318502,https://www.scielo.br/j/bjps/a/MxDgqHGqq43Rn4VMDgcRqyw/?format=pdf&lang=en,NOT_INDEPENDENT_VALIDATION,Synthetic interpolation from author-published response equations; NOT a new lab measurement.,1.1881411970915374,1.4459626385448687,4.8631555708222125,1.496630230139658,2.640375139012628,2.6711721326206486,26976.154756628504
MERC_SYN_077,MERCURIO_2020_P2,Topical cosmetic emulsion,MODEL_GENERATED_PUBLISHED_EQUATION,False,LATIN_HYPERCUBE_WITHIN_PUBLISHED_FACTOR_RANGE,10.1590/S2175-97902020000318502,https://www.scielo.br/j/bjps/a/MxDgqHGqq43Rn4VMDgcRqyw/?format=pdf&lang=en,NOT_INDEPENDENT_VALIDATION,Synthetic interpolation from author-published response equations; NOT a new lab measurement.,1.7358229814217228,2.80818984129139,4.266629184114883,1.581578718502931,2.9436384124896584,2.4742923102818484,29476.524150631416
MERC_SYN_078,MERCURIO_2020_P2,Topical cosmetic emulsion,MODEL_GENERATED_PUBLISHED_EQUATION,False,LATIN_HYPERCUBE_WITHIN_PUBLISHED_FACTOR_RANGE,10.1590/S2175-97902020000318502,https://www.scielo.br/j/bjps/a/MxDgqHGqq43Rn4VMDgcRqyw/?format=pdf&lang=en,NOT_INDEPENDENT_VALIDATION,Synthetic interpolation from author-published response equations; NOT a new lab measurement.,1.9156123923499437,2.6364221637382834,2.137249249671442,1.5708672861307194,3.2634450752330455,2.6367196829265556,29371.089964017847
MERC_SYN_079,MERCURIO_2020_P2,Topical cosmetic emulsion,MODEL_GENERATED_PUBLISHED_EQUATION,False,LATIN_HYPERCUBE_WITHIN_PUBLISHED_FACTOR_RANGE,10.1590/S2175-97902020000318502,https://www.scielo.br/j/bjps/a/MxDgqHGqq43Rn4VMDgcRqyw/?format=pdf&lang=en,NOT_INDEPENDENT_VALIDATION,Synthetic interpolation from author-published response equations; NOT a new lab measurement.,1.596468490581605,2.497126610171968,4.93651220192683,1.5621808154103238,2.9011230020648866,2.6619177657509234,28893.51539705979
MERC_SYN_080,MERCURIO_2020_P2,Topical cosmetic emulsion,MODEL_GENERATED_PUBLISHED_EQUATION,False,LATIN_HYPERCUBE_WITHIN_PUBLISHED_FACTOR_RANGE,10.1590/S2175-97902020000318502,https://www.scielo.br/j/bjps/a/MxDgqHGqq43Rn4VMDgcRqyw/?format=pdf&lang=en,NOT_INDEPENDENT_VALIDATION,Synthetic interpolation from author-published response equations; NOT a new lab measurement.,1.202115265591278,2.3105583076965033,1.8777737023751828,1.5505464160679538,3.465001810588853,2.7640550594499556,28281.77722182183
MERC_SYN_081,MERCURIO_2020_P2,Topical cosmetic emulsion,MODEL_GENERATED_PUBLISHED_EQUATION,False,LATIN_HYPERCUBE_WITHIN_PUBLISHED_FACTOR_RANGE,10.1590/S2175-97902020000318502,https://www.scielo.br/j/bjps/a/MxDgqHGqq43Rn4VMDgcRqyw/?format=pdf&lang=en,NOT_INDEPENDENT_VALIDATION,Synthetic interpolation from author-published response equations; NOT a new lab measurement.,0.3341881780357641,0.26768907209893444,0.8832349977139051,1.4231530905360896,2.1956211560428063,1.7710163203935125,24492.79752435861
MERC_SYN_082,MERCURIO_2020_P2,Topical cosmetic emulsion,MODEL_GENERATED_PUBLISHED_EQUATION,False,LATIN_HYPERCUBE_WITHIN_PUBLISHED_FACTOR_RANGE,10.1590/S2175-97902020000318502,https://www.scielo.br/j/bjps/a/MxDgqHGqq43Rn4VMDgcRqyw/?format=pdf&lang=en,NOT_INDEPENDENT_VALIDATION,Synthetic interpolation from author-published response equations; NOT a new lab measurement.,0.46012947608078814,2.5622755363457124,3.9881098452691126,1.5662435024465187,3.71959709784921,2.980689168023258,28032.77178048654
MERC_SYN_083,MERCURIO_2020_P2,Topical cosmetic emulsion,MODEL_GENERATED_PUBLISHED_EQUATION,False,LATIN_HYPERCUBE_WITHIN_PUBLISHED_FACTOR_RANGE,10.1590/S2175-97902020000318502,https://www.scielo.br/j/bjps/a/MxDgqHGqq43Rn4VMDgcRqyw/?format=pdf&lang=en,NOT_INDEPENDENT_VALIDATION,Synthetic interpolation from author-published response equations; NOT a new lab measurement.,0.02281197319394962,0.6421692746646372,0.5090211521590049,1.4465056759680868,2.9506947252987152,2.608849972059697,24790.62149048849
MERC_SYN_084,MERCURIO_2020_P2,Topical cosmetic emulsion,MODEL_GENERATED_PUBLISHED_EQUATION,False,LATIN_HYPERCUBE_WITHIN_PUBLISHED_FACTOR_RANGE,10.1590/S2175-97902020000318502,https://www.scielo.br/j/bjps/a/MxDgqHGqq43Rn4VMDgcRqyw/?format=pdf&lang=en,NOT_INDEPENDENT_VALIDATION,Synthetic interpolation from author-published response equations; NOT a new lab measurement.,0.8747475961020061,1.0585914724022678,3.0615925922707676,1.4724737642190053,2.667677567967565,2.486211533813224,26132.1923416072
MERC_SYN_085,MERCURIO_2020_P2,Topical cosmetic emulsion,MODEL_GENERATED_PUBLISHED_EQUATION,False,LATIN_HYPERCUBE_WITHIN_PUBLISHED_FACTOR_RANGE,10.1590/S2175-97902020000318502,https://www.scielo.br/j/bjps/a/MxDgqHGqq43Rn4VMDgcRqyw/?format=pdf&lang=en,NOT_INDEPENDENT_VALIDATION,Synthetic interpolation from author-published response equations; NOT a new lab measurement.,1.7830769793560177,0.8981461009244198,0.13747520869522523,1.4624683908536469,3.011520732454984,2.2237577888691558,26658.055082621646
MERC_SYN_086,MERCURIO_2020_P2,Topical cosmetic emulsion,MODEL_GENERATED_PUBLISHED_EQUATION,False,LATIN_HYPERCUBE_WITHIN_PUBLISHED_FACTOR_RANGE,10.1590/S2175-97902020000318502,https://www.scielo.br/j/bjps/a/MxDgqHGqq43Rn4VMDgcRqyw/?format=pdf&lang=en,NOT_INDEPENDENT_VALIDATION,Synthetic interpolation from author-published response equations; NOT a new lab measurement.,2.929204441566176,0.29712727702152075,4.359565251237168,1.424988856995062,2.828562609675268,2.0458629243922077,26725.14153124484
MERC_SYN_087,MERCURIO_2020_P2,Topical cosmetic emulsion,MODEL_GENERATED_PUBLISHED_EQUATION,False,LATIN_HYPERCUBE_WITHIN_PUBLISHED_FACTOR_RANGE,10.1590/S2175-97902020000318502,https://www.scielo.br/j/bjps/a/MxDgqHGqq43Rn4VMDgcRqyw/?format=pdf&lang=en,NOT_INDEPENDENT_VALIDATION,Synthetic interpolation from author-published response equations; NOT a new lab measurement.,2.8087656696980607,1.90552743050907,0.39729585022189706,1.5252886905665457,3.864004395785376,3.346281529557145,29030.49674590986
MERC_SYN_088,MERCURIO_2020_P2,Topical cosmetic emulsion,MODEL_GENERATED_PUBLISHED_EQUATION,False,LATIN_HYPERCUBE_WITHIN_PUBLISHED_FACTOR_RANGE,10.1590/S2175-97902020000318502,https://www.scielo.br/j/bjps/a/MxDgqHGqq43Rn4VMDgcRqyw/?format=pdf&lang=en,NOT_INDEPENDENT_VALIDATION,Synthetic interpolation from author-published response equations; NOT a new lab measurement.,0.6589402675490712,2.9025277770544387,1.0988271555295792,1.587461632177115,4.035027887696859,2.608765191994132,28709.598430384613
MERC_SYN_089,MERCURIO_2020_P2,Topical cosmetic emulsion,MODEL_GENERATED_PUBLISHED_EQUATION,False,LATIN_HYPERCUBE_WITHIN_PUBLISHED_FACTOR_RANGE,10.1590/S2175-97902020000318502,https://www.scielo.br/j/bjps/a/MxDgqHGqq43Rn4VMDgcRqyw/?format=pdf&lang=en,NOT_INDEPENDENT_VALIDATION,Synthetic interpolation from author-published response equations; NOT a new lab measurement.,0.9996175522857118,0.6868927694417192,4.634103784789009,1.4492946331023857,2.0331326413122683,2.030528718116439,25681.25629430135
MERC_SYN_090,MERCURIO_2020_P2,Topical cosmetic emulsion,MODEL_GENERATED_PUBLISHED_EQUATION,False,LATIN_HYPERCUBE_WITHIN_PUBLISHED_FACTOR_RANGE,10.1590/S2175-97902020000318502,https://www.scielo.br/j/bjps/a/MxDgqHGqq43Rn4VMDgcRqyw/?format=pdf&lang=en,NOT_INDEPENDENT_VALIDATION,Synthetic interpolation from author-published response equations; NOT a new lab measurement.,2.5395525839562563,1.1355169215991183,4.181809379044968,1.477270835230921,2.9567526779797175,2.7812857896784613,27651.18326490654
MERC_SYN_091,MERCURIO_2020_P2,Topical cosmetic emulsion,MODEL_GENERATED_PUBLISHED_EQUATION,False,LATIN_HYPERCUBE_WITHIN_PUBLISHED_FACTOR_RANGE,10.1590/S2175-97902020000318502,https://www.scielo.br/j/bjps/a/MxDgqHGqq43Rn4VMDgcRqyw/?format=pdf&lang=en,NOT_INDEPENDENT_VALIDATION,Synthetic interpolation from author-published response equations; NOT a new lab measurement.,0.5136008622197221,1.813223888244992,2.5812852207489567,1.5195326416709576,3.5194994967407465,3.090459376855265,26956.931595043505
MERC_SYN_092,MERCURIO_2020_P2,Topical cosmetic emulsion,MODEL_GENERATED_PUBLISHED_EQUATION,False,LATIN_HYPERCUBE_WITHIN_PUBLISHED_FACTOR_RANGE,10.1590/S2175-97902020000318502,https://www.scielo.br/j/bjps/a/MxDgqHGqq43Rn4VMDgcRqyw/?format=pdf&lang=en,NOT_INDEPENDENT_VALIDATION,Synthetic interpolation from author-published response equations; NOT a new lab measurement.,2.857615434750629,2.827644850212418,1.9692528042386535,1.5827919328592464,3.4005659526565584,3.0476533812797335,30451.608105791925
MERC_SYN_093,MERCURIO_2020_P2,Topical cosmetic emulsion,MODEL_GENERATED_PUBLISHED_EQUATION,False,LATIN_HYPERCUBE_WITHIN_PUBLISHED_FACTOR_RANGE,10.1590/S2175-97902020000318502,https://www.scielo.br/j/bjps/a/MxDgqHGqq43Rn4VMDgcRqyw/?format=pdf&lang=en,NOT_INDEPENDENT_VALIDATION,Synthetic interpolation from author-published response equations; NOT a new lab measurement.,1.8344915862221733,2.571714270427614,1.5040394452307984,1.566832101903866,3.3733893605693472,2.655769782464883,29205.850286827528
MERC_SYN_094,MERCURIO_2020_P2,Topical cosmetic emulsion,MODEL_GENERATED_PUBLISHED_EQUATION,False,LATIN_HYPERCUBE_WITHIN_PUBLISHED_FACTOR_RANGE,10.1590/S2175-97902020000318502,https://www.scielo.br/j/bjps/a/MxDgqHGqq43Rn4VMDgcRqyw/?format=pdf&lang=en,NOT_INDEPENDENT_VALIDATION,Synthetic interpolation from author-published response equations; NOT a new lab measurement.,2.3790499734618655,0.7840518128011542,2.7691311961705884,1.4553534710462799,2.861604641315359,2.322850605802516,26989.880943751108
MERC_SYN_095,MERCURIO_2020_P2,Topical cosmetic emulsion,MODEL_GENERATED_PUBLISHED_EQUATION,False,LATIN_HYPERCUBE_WITHIN_PUBLISHED_FACTOR_RANGE,10.1590/S2175-97902020000318502,https://www.scielo.br/j/bjps/a/MxDgqHGqq43Rn4VMDgcRqyw/?format=pdf&lang=en,NOT_INDEPENDENT_VALIDATION,Synthetic interpolation from author-published response equations; NOT a new lab measurement.,0.17934401674775774,1.9718813297007913,0.9772543482471605,1.5294265197201413,4.1413090335270555,3.3599799770035177,26912.489511709067
MERC_SYN_096,MERCURIO_2020_P2,Topical cosmetic emulsion,MODEL_GENERATED_PUBLISHED_EQUATION,False,LATIN_HYPERCUBE_WITHIN_PUBLISHED_FACTOR_RANGE,10.1590/S2175-97902020000318502,https://www.scielo.br/j/bjps/a/MxDgqHGqq43Rn4VMDgcRqyw/?format=pdf&lang=en,NOT_INDEPENDENT_VALIDATION,Synthetic interpolation from author-published response equations; NOT a new lab measurement.,2.170598962875225,1.275243137948634,4.594909662590929,1.4859841620824767,2.732342408919472,2.681390047316158,27549.152599929446
MERC_SYN_097,MERCURIO_2020_P2,Topical cosmetic emulsion,MODEL_GENERATED_PUBLISHED_EQUATION,False,LATIN_HYPERCUBE_WITHIN_PUBLISHED_FACTOR_RANGE,10.1590/S2175-97902020000318502,https://www.scielo.br/j/bjps/a/MxDgqHGqq43Rn4VMDgcRqyw/?format=pdf&lang=en,NOT_INDEPENDENT_VALIDATION,Synthetic interpolation from author-published response equations; NOT a new lab measurement.,0.6789384455820937,2.3263641279986937,2.9399167698534034,1.5515320670219985,3.612904728017539,2.951918058913868,27864.25253195697
MERC_SYN_098,MERCURIO_2020_P2,Topical cosmetic emulsion,MODEL_GENERATED_PUBLISHED_EQUATION,False,LATIN_HYPERCUBE_WITHIN_PUBLISHED_FACTOR_RANGE,10.1590/S2175-97902020000318502,https://www.scielo.br/j/bjps/a/MxDgqHGqq43Rn4VMDgcRqyw/?format=pdf&lang=en,NOT_INDEPENDENT_VALIDATION,Synthetic interpolation from author-published response equations; NOT a new lab measurement.,0.9608198805365837,2.926311066556848,0.2927568283393625,1.588944758110485,3.9060771653371664,2.4497731990169025,28999.754345327256
MERC_SYN_099,MERCURIO_2020_P2,Topical cosmetic emulsion,MODEL_GENERATED_PUBLISHED_EQUATION,False,LATIN_HYPERCUBE_WITHIN_PUBLISHED_FACTOR_RANGE,10.1590/S2175-97902020000318502,https://www.scielo.br/j/bjps/a/MxDgqHGqq43Rn4VMDgcRqyw/?format=pdf&lang=en,NOT_INDEPENDENT_VALIDATION,Synthetic interpolation from author-published response equations; NOT a new lab measurement.,0.3583902920201708,1.7331864359219495,0.08221250858939488,1.5145415061440928,3.950510190491371,3.1821909220567623,26706.274315393544
MERC_SYN_100,MERCURIO_2020_P2,Topical cosmetic emulsion,MODEL_GENERATED_PUBLISHED_EQUATION,False,LATIN_HYPERCUBE_WITHIN_PUBLISHED_FACTOR_RANGE,10.1590/S2175-97902020000318502,https://www.scielo.br/j/bjps/a/MxDgqHGqq43Rn4VMDgcRqyw/?format=pdf&lang=en,NOT_INDEPENDENT_VALIDATION,Synthetic interpolation from author-published response equations; NOT a new lab measurement.,1.9819796616424874,0.08684286644334738,1.345120905731063,1.4118755211514071,2.1762663542730794,1.0765079136915126,25611.69483754464
MERC_SYN_101,MERCURIO_2020_P2,Topical cosmetic emulsion,MODEL_GENERATED_PUBLISHED_EQUATION,False,LATIN_HYPERCUBE_WITHIN_PUBLISHED_FACTOR_RANGE,10.1590/S2175-97902020000318502,https://www.scielo.br/j/bjps/a/MxDgqHGqq43Rn4VMDgcRqyw/?format=pdf&lang=en,NOT_INDEPENDENT_VALIDATION,Synthetic interpolation from author-published response equations; NOT a new lab measurement.,2.485341031257052,0.14765054855604032,3.730344976219339,1.4156674882079547,2.3073281137454567,1.4321974914185167,26127.159371187194
MERC_SYN_102,MERCURIO_2020_P2,Topical cosmetic emulsion,MODEL_GENERATED_PUBLISHED_EQUATION,False,LATIN_HYPERCUBE_WITHIN_PUBLISHED_FACTOR_RANGE,10.1590/S2175-97902020000318502,https://www.scielo.br/j/bjps/a/MxDgqHGqq43Rn4VMDgcRqyw/?format=pdf&lang=en,NOT_INDEPENDENT_VALIDATION,Synthetic interpolation from author-published response equations; NOT a new lab measurement.,1.2185915683431894,0.2830485359074724,4.792777941048844,1.42411090669919,1.5519227040030548,1.3750674281835238,25261.5703488992
MERC_SYN_103,MERCURIO_2020_P2,Topical cosmetic emulsion,MODEL_GENERATED_PUBLISHED_EQUATION,False,LATIN_HYPERCUBE_WITHIN_PUBLISHED_FACTOR_RANGE,10.1590/S2175-97902020000318502,https://www.scielo.br/j/bjps/a/MxDgqHGqq43Rn4VMDgcRqyw/?format=pdf&lang=en,NOT_INDEPENDENT_VALIDATION,Synthetic interpolation from author-published response equations; NOT a new lab measurement.,2.609294603143858,0.6192485457711584,1.7677808204777101,1.4450763393142894,3.097073201662595,2.264481608117071,26937.41596947279
MERC_SYN_104,MERCURIO_2020_P2,Topical cosmetic emulsion,MODEL_GENERATED_PUBLISHED_EQUATION,False,LATIN_HYPERCUBE_WITHIN_PUBLISHED_FACTOR_RANGE,10.1590/S2175-97902020000318502,https://www.scielo.br/j/bjps/a/MxDgqHGqq43Rn4VMDgcRqyw/?format=pdf&lang=en,NOT_INDEPENDENT_VALIDATION,Synthetic interpolation from author-published response equations; NOT a new lab measurement.,0.7241061364555077,2.2812528015438973,1.4959033073602659,1.5487189247042774,3.7802675755892037,2.942061259723105,27834.833343752103
MERC_SYN_105,MERCURIO_2020_P2,Topical cosmetic emulsion,MODEL_GENERATED_PUBLISHED_EQUATION,False,LATIN_HYPERCUBE_WITHIN_PUBLISHED_FACTOR_RANGE,10.1590/S2175-97902020000318502,https://www.scielo.br/j/bjps/a/MxDgqHGqq43Rn4VMDgcRqyw/?format=pdf&lang=en,NOT_INDEPENDENT_VALIDATION,Synthetic interpolation from author-published response equations; NOT a new lab measurement.,1.7629583337671293,2.7315958736320303,3.075847136149306,1.5768023186796933,3.129099445216538,2.53755818455425,29384.786169282575
MERC_SYN_106,MERCURIO_2020_P2,Topical cosmetic emulsion,MODEL_GENERATED_PUBLISHED_EQUATION,False,LATIN_HYPERCUBE_WITHIN_PUBLISHED_FACTOR_RANGE,10.1590/S2175-97902020000318502,https://www.scielo.br/j/bjps/a/MxDgqHGqq43Rn4VMDgcRqyw/?format=pdf&lang=en,NOT_INDEPENDENT_VALIDATION,Synthetic interpolation from author-published response equations; NOT a new lab measurement.,2.0759442422476853,0.6642367959074231,2.831610492089136,1.447881806592787,2.563342233054063,2.0279853472801417,26554.982805194995
MERC_SYN_107,MERCURIO_2020_P2,Topical cosmetic emulsion,MODEL_GENERATED_PUBLISHED_EQUATION,False,LATIN_HYPERCUBE_WITHIN_PUBLISHED_FACTOR_RANGE,10.1590/S2175-97902020000318502,https://www.scielo.br/j/bjps/a/MxDgqHGqq43Rn4VMDgcRqyw/?format=pdf&lang=en,NOT_INDEPENDENT_VALIDATION,Synthetic interpolation from author-published response equations; NOT a new lab measurement.,0.5332762353753069,0.7985215003588138,2.793504919216547,1.4562558007623756,2.542641205498187,2.393290072528109,25455.054881321103
MERC_SYN_108,MERCURIO_2020_P2,Topical cosmetic emulsion,MODEL_GENERATED_PUBLISHED_EQUATION,False,LATIN_HYPERCUBE_WITHIN_PUBLISHED_FACTOR_RANGE,10.1590/S2175-97902020000318502,https://www.scielo.br/j/bjps/a/MxDgqHGqq43Rn4VMDgcRqyw/?format=pdf&lang=en,NOT_INDEPENDENT_VALIDATION,Synthetic interpolation from author-published response equations; NOT a new lab measurement.,1.1595943824243424,0.42917383304343,4.91669901505389,1.4332232802285882,1.700899284719212,1.6224615497404384,25430.491624907427
MERC_SYN_109,MERCURIO_2020_P2,Topical cosmetic emulsion,MODEL_GENERATED_PUBLISHED_EQUATION,False,LATIN_HYPERCUBE_WITHIN_PUBLISHED_FACTOR_RANGE,10.1590/S2175-97902020000318502,https://www.scielo.br/j/bjps/a/MxDgqHGqq43Rn4VMDgcRqyw/?format=pdf&lang=en,NOT_INDEPENDENT_VALIDATION,Synthetic interpolation from author-published response equations; NOT a new lab measurement.,1.8192878277867628,2.7513158194193474,2.703608647379034,1.5780320544989905,3.1715369746569433,2.533781930031963,29461.79719547872
MERC_SYN_110,MERCURIO_2020_P2,Topical cosmetic emulsion,MODEL_GENERATED_PUBLISHED_EQUATION,False,LATIN_HYPERCUBE_WITHIN_PUBLISHED_FACTOR_RANGE,10.1590/S2175-97902020000318502,https://www.scielo.br/j/bjps/a/MxDgqHGqq43Rn4VMDgcRqyw/?format=pdf&lang=en,NOT_INDEPENDENT_VALIDATION,Synthetic interpolation from author-published response equations; NOT a new lab measurement.,0.8007637991100177,2.0611072577942418,1.7492840468572846,1.534990648596049,3.6005703629836323,2.9439507445261093,27570.035727376664
MERC_SYN_111,MERCURIO_2020_P2,Topical cosmetic emulsion,MODEL_GENERATED_PUBLISHED_EQUATION,False,LATIN_HYPERCUBE_WITHIN_PUBLISHED_FACTOR_RANGE,10.1590/S2175-97902020000318502,https://www.scielo.br/j/bjps/a/MxDgqHGqq43Rn4VMDgcRqyw/?format=pdf&lang=en,NOT_INDEPENDENT_VALIDATION,Synthetic interpolation from author-published response equations; NOT a new lab measurement.,1.0968009750963146,1.326472900284651,3.529157418254022,1.4891788500617509,2.773566240042187,2.621553784854684,26720.318181778857
MERC_SYN_112,MERCURIO_2020_P2,Topical cosmetic emulsion,MODEL_GENERATED_PUBLISHED_EQUATION,False,LATIN_HYPERCUBE_WITHIN_PUBLISHED_FACTOR_RANGE,10.1590/S2175-97902020000318502,https://www.scielo.br/j/bjps/a/MxDgqHGqq43Rn4VMDgcRqyw/?format=pdf&lang=en,NOT_INDEPENDENT_VALIDATION,Synthetic interpolation from author-published response equations; NOT a new lab measurement.,0.9099507372265652,0.060442995585329895,1.4335568553431202,1.4102292252047013,1.7231220061249741,1.0648393031027676,24668.182053138848
MERC_SYN_113,MERCURIO_2020_P2,Topical cosmetic emulsion,MODEL_GENERATED_PUBLISHED_EQUATION,False,LATIN_HYPERCUBE_WITHIN_PUBLISHED_FACTOR_RANGE,10.1590/S2175-97902020000318502,https://www.scielo.br/j/bjps/a/MxDgqHGqq43Rn4VMDgcRqyw/?format=pdf&lang=en,NOT_INDEPENDENT_VALIDATION,Synthetic interpolation from author-published response equations; NOT a new lab measurement.,1.7116498079596179,2.66967195874898,4.737231700199249,1.5729407433475864,2.898124412651421,2.5728475797833243,29248.8523252613
MERC_SYN_114,MERCURIO_2020_P2,Topical cosmetic emulsion,MODEL_GENERATED_PUBLISHED_EQUATION,False,LATIN_HYPERCUBE_WITHIN_PUBLISHED_FACTOR_RANGE,10.1590/S2175-97902020000318502,https://www.scielo.br/j/bjps/a/MxDgqHGqq43Rn4VMDgcRqyw/?format=pdf&lang=en,NOT_INDEPENDENT_VALIDATION,Synthetic interpolation from author-published response equations; NOT a new lab measurement.,0.3273072005259799,1.9259889224320532,0.3677872724838799,1.526564669202863,4.06972747654815,3.236487303960142,26968.585474752363
MERC_SYN_115,MERCURIO_2020_P2,Topical cosmetic emulsion,MODEL_GENERATED_PUBLISHED_EQUATION,False,LATIN_HYPERCUBE_WITHIN_PUBLISHED_FACTOR_RANGE,10.1590/S2175-97902020000318502,https://www.scielo.br/j/bjps/a/MxDgqHGqq43Rn4VMDgcRqyw/?format=pdf&lang=en,NOT_INDEPENDENT_VALIDATION,Synthetic interpolation from author-published response equations; NOT a new lab measurement.,2.584685255104784,1.5429162460082373,3.57285576896027,1.5026762571010737,3.207908502669321,3.0743304764368524,28298.901651064487
MERC_SYN_116,MERCURIO_2020_P2,Topical cosmetic emulsion,MODEL_GENERATED_PUBLISHED_EQUATION,False,LATIN_HYPERCUBE_WITHIN_PUBLISHED_FACTOR_RANGE,10.1590/S2175-97902020000318502,https://www.scielo.br/j/bjps/a/MxDgqHGqq43Rn4VMDgcRqyw/?format=pdf&lang=en,NOT_INDEPENDENT_VALIDATION,Synthetic interpolation from author-published response equations; NOT a new lab measurement.,2.566001173417855,2.1409846877170695,0.5330015165612328,1.5399718051260365,3.6893601096355746,3.148671722569516,29178.135475183168
MERC_SYN_117,MERCURIO_2020_P2,Topical cosmetic emulsion,MODEL_GENERATED_PUBLISHED_EQUATION,False,LATIN_HYPERCUBE_WITHIN_PUBLISHED_FACTOR_RANGE,10.1590/S2175-97902020000318502,https://www.scielo.br/j/bjps/a/MxDgqHGqq43Rn4VMDgcRqyw/?format=pdf&lang=en,NOT_INDEPENDENT_VALIDATION,Synthetic interpolation from author-published response equations; NOT a new lab measurement.,2.044480037396906,1.1421827617092777,2.377287221246033,1.4776865170201905,2.939448085193713,2.5283789454790893,27243.68029634144
MERC_SYN_118,MERCURIO_2020_P2,Topical cosmetic emulsion,MODEL_GENERATED_PUBLISHED_EQUATION,False,LATIN_HYPERCUBE_WITHIN_PUBLISHED_FACTOR_RANGE,10.1590/S2175-97902020000318502,https://www.scielo.br/j/bjps/a/MxDgqHGqq43Rn4VMDgcRqyw/?format=pdf&lang=en,NOT_INDEPENDENT_VALIDATION,Synthetic interpolation from author-published response equations; NOT a new lab measurement.,2.2565599703666694,0.10313128258255849,1.213470341003036,1.4128912667818483,2.4287285738544084,1.2190274570549129,25867.614331019915
MERC_SYN_119,MERCURIO_2020_P2,Topical cosmetic emulsion,MODEL_GENERATED_PUBLISHED_EQUATION,False,LATIN_HYPERCUBE_WITHIN_PUBLISHED_FACTOR_RANGE,10.1590/S2175-97902020000318502,https://www.scielo.br/j/bjps/a/MxDgqHGqq43Rn4VMDgcRqyw/?format=pdf&lang=en,NOT_INDEPENDENT_VALIDATION,Synthetic interpolation from author-published response equations; NOT a new lab measurement.,0.6066986794334044,1.3453345346746146,4.188281505661719,1.490355061582309,2.8609160164641243,2.8431729766987455,26335.257059732947
MERC_SYN_120,MERCURIO_2020_P2,Topical cosmetic emulsion,MODEL_GENERATED_PUBLISHED_EQUATION,False,LATIN_HYPERCUBE_WITHIN_PUBLISHED_FACTOR_RANGE,10.1590/S2175-97902020000318502,https://www.scielo.br/j/bjps/a/MxDgqHGqq43Rn4VMDgcRqyw/?format=pdf&lang=en,NOT_INDEPENDENT_VALIDATION,Synthetic interpolation from author-published response equations; NOT a new lab measurement.,1.3068464021959358,2.391165969657974,2.733788594195011,1.5555731098678713,3.310229174008126,2.718493773943381,28490.720177485928
MERC_SYN_121,MERCURIO_2020_P2,Topical cosmetic emulsion,MODEL_GENERATED_PUBLISHED_EQUATION,False,LATIN_HYPERCUBE_WITHIN_PUBLISHED_FACTOR_RANGE,10.1590/S2175-97902020000318502,https://www.scielo.br/j/bjps/a/MxDgqHGqq43Rn4VMDgcRqyw/?format=pdf&lang=en,NOT_INDEPENDENT_VALIDATION,Synthetic interpolation from author-published response equations; NOT a new lab measurement.,0.5838643355300747,2.536848412909963,2.41150793132129,1.5646578670290654,3.837004313175564,2.914911937469922,28099.06242031399
MERC_SYN_122,MERCURIO_2020_P2,Topical cosmetic emulsion,MODEL_GENERATED_PUBLISHED_EQUATION,False,LATIN_HYPERCUBE_WITHIN_PUBLISHED_FACTOR_RANGE,10.1590/S2175-97902020000318502,https://www.scielo.br/j/bjps/a/MxDgqHGqq43Rn4VMDgcRqyw/?format=pdf&lang=en,NOT_INDEPENDENT_VALIDATION,Synthetic interpolation from author-published response equations; NOT a new lab measurement.,1.6713617978462265,2.001842079258716,2.1832291838068665,1.5312948720625734,3.240514527499616,2.7948497371691783,28215.493635605155
MERC_SYN_123,MERCURIO_2020_P2,Topical cosmetic emulsion,MODEL_GENERATED_PUBLISHED_EQUATION,False,LATIN_HYPERCUBE_WITHIN_PUBLISHED_FACTOR_RANGE,10.1590/S2175-97902020000318502,https://www.scielo.br/j/bjps/a/MxDgqHGqq43Rn4VMDgcRqyw/?format=pdf&lang=en,NOT_INDEPENDENT_VALIDATION,Synthetic interpolation from author-published response equations; NOT a new lab measurement.,2.739991518503845,2.688037225454142,4.093488943733429,1.5740860013793203,3.0958760810721304,3.0524627769306933,30143.501621154952
MERC_SYN_124,MERCURIO_2020_P2,Topical cosmetic emulsion,MODEL_GENERATED_PUBLISHED_EQUATION,False,LATIN_HYPERCUBE_WITHIN_PUBLISHED_FACTOR_RANGE,10.1590/S2175-97902020000318502,https://www.scielo.br/j/bjps/a/MxDgqHGqq43Rn4VMDgcRqyw/?format=pdf&lang=en,NOT_INDEPENDENT_VALIDATION,Synthetic interpolation from author-published response equations; NOT a new lab measurement.,2.8860829804351718,2.0916370362047547,1.6080544507477046,1.5368944855777285,3.71688893245191,3.413499945895929,29374.20267808084
MERC_SYN_125,MERCURIO_2020_P2,Topical cosmetic emulsion,MODEL_GENERATED_PUBLISHED_EQUATION,False,LATIN_HYPERCUBE_WITHIN_PUBLISHED_FACTOR_RANGE,10.1590/S2175-97902020000318502,https://www.scielo.br/j/bjps/a/MxDgqHGqq43Rn4VMDgcRqyw/?format=pdf&lang=en,NOT_INDEPENDENT_VALIDATION,Synthetic interpolation from author-published response equations; NOT a new lab measurement.,1.6563692155137066,0.22354440648940016,3.383493455115259,1.420400229188679,1.8338608032810002,1.2551785323652858,25541.687699966697
MERC_SYN_126,MERCURIO_2020_P2,Topical cosmetic emulsion,MODEL_GENERATED_PUBLISHED_EQUATION,False,LATIN_HYPERCUBE_WITHIN_PUBLISHED_FACTOR_RANGE,10.1590/S2175-97902020000318502,https://www.scielo.br/j/bjps/a/MxDgqHGqq43Rn4VMDgcRqyw/?format=pdf&lang=en,NOT_INDEPENDENT_VALIDATION,Synthetic interpolation from author-published response equations; NOT a new lab measurement.,0.7790038080296982,1.0153806051632643,2.5978799065652765,1.4697791345379811,2.7220001778928062,2.4881032916387484,25986.791174124493
MERC_SYN_127,MERCURIO_2020_P2,Topical cosmetic emulsion,MODEL_GENERATED_PUBLISHED_EQUATION,False,LATIN_HYPERCUBE_WITHIN_PUBLISHED_FACTOR_RANGE,10.1590/S2175-97902020000318502,https://www.scielo.br/j/bjps/a/MxDgqHGqq43Rn4VMDgcRqyw/?format=pdf&lang=en,NOT_INDEPENDENT_VALIDATION,Synthetic interpolation from author-published response equations; NOT a new lab measurement.,1.100040028404111,0.804647922280648,4.893773279144854,1.4566378444334211,2.1119416879284003,2.145138634356904,25942.15588204782
MERC_SYN_128,MERCURIO_2020_P2,Topical cosmetic emulsion,MODEL_GENERATED_PUBLISHED_EQUATION,False,LATIN_HYPERCUBE_WITHIN_PUBLISHED_FACTOR_RANGE,10.1590/S2175-97902020000318502,https://www.scielo.br/j/bjps/a/MxDgqHGqq43Rn4VMDgcRqyw/?format=pdf&lang=en,NOT_INDEPENDENT_VALIDATION,Synthetic interpolation from author-published response equations; NOT a new lab measurement.,1.5321266735018784,1.7157210241116556,0.040518165792458594,1.5134523630636028,3.472450528852842,2.74835237822814,27669.910674757306
MERC_SYN_129,MERCURIO_2020_P2,Topical cosmetic emulsion,MODEL_GENERATED_PUBLISHED_EQUATION,False,LATIN_HYPERCUBE_WITHIN_PUBLISHED_FACTOR_RANGE,10.1590/S2175-97902020000318502,https://www.scielo.br/j/bjps/a/MxDgqHGqq43Rn4VMDgcRqyw/?format=pdf&lang=en,NOT_INDEPENDENT_VALIDATION,Synthetic interpolation from author-published response equations; NOT a new lab measurement.,0.19909211440810176,2.172166378234037,3.495441519674162,1.5419162953466745,3.8715445010919365,3.326848933289411,27228.86232315783
MERC_SYN_130,MERCURIO_2020_P2,Topical cosmetic emulsion,MODEL_GENERATED_PUBLISHED_EQUATION,False,LATIN_HYPERCUBE_WITHIN_PUBLISHED_FACTOR_RANGE,10.1590/S2175-97902020000318502,https://www.scielo.br/j/bjps/a/MxDgqHGqq43Rn4VMDgcRqyw/?format=pdf&lang=en,NOT_INDEPENDENT_VALIDATION,Synthetic interpolation from author-published response equations; NOT a new lab measurement.,2.5008567202027554,0.02118255110325251,2.4889720774888175,1.4077809438867988,2.3875620719786728,1.2048563726368962,25950.98809189729
MERC_SYN_131,MERCURIO_2020_P2,Topical cosmetic emulsion,MODEL_GENERATED_PUBLISHED_EQUATION,False,LATIN_HYPERCUBE_WITHIN_PUBLISHED_FACTOR_RANGE,10.1590/S2175-97902020000318502,https://www.scielo.br/j/bjps/a/MxDgqHGqq43Rn4VMDgcRqyw/?format=pdf&lang=en,NOT_INDEPENDENT_VALIDATION,Synthetic interpolation from author-published response equations; NOT a new lab measurement.,1.4298325254953128,0.4953701624917887,1.8476857948809862,1.437351283332988,2.282492299480126,1.6855589386326697,25757.435043496225
MERC_SYN_132,MERCURIO_2020_P2,Topical cosmetic emulsion,MODEL_GENERATED_PUBLISHED_EQUATION,False,LATIN_HYPERCUBE_WITHIN_PUBLISHED_FACTOR_RANGE,10.1590/S2175-97902020000318502,https://www.scielo.br/j/bjps/a/MxDgqHGqq43Rn4VMDgcRqyw/?format=pdf&lang=en,NOT_INDEPENDENT_VALIDATION,Synthetic interpolation from author-published response equations; NOT a new lab measurement.,1.693366151945756,0.9928747968803153,0.4453017649597396,1.4683756723334564,3.008971479166243,2.3072019492865765,26724.16326810229
MERC_SYN_133,MERCURIO_2020_P2,Topical cosmetic emulsion,MODEL_GENERATED_PUBLISHED_EQUATION,False,LATIN_HYPERCUBE_WITHIN_PUBLISHED_FACTOR_RANGE,10.1590/S2175-97902020000318502,https://www.scielo.br/j/bjps/a/MxDgqHGqq43Rn4VMDgcRqyw/?format=pdf&lang=en,NOT_INDEPENDENT_VALIDATION,Synthetic interpolation from author-published response equations; NOT a new lab measurement.,1.2672148646799974,0.5284157307751935,1.1537268676510406,1.439412004971141,2.3908917761206356,1.7499391073331798,25669.756582136535
MERC_SYN_134,MERCURIO_2020_P2,Topical cosmetic emulsion,MODEL_GENERATED_PUBLISHED_EQUATION,False,LATIN_HYPERCUBE_WITHIN_PUBLISHED_FACTOR_RANGE,10.1590/S2175-97902020000318502,https://www.scielo.br/j/bjps/a/MxDgqHGqq43Rn4VMDgcRqyw/?format=pdf&lang=en,NOT_INDEPENDENT_VALIDATION,Synthetic interpolation from author-published response equations; NOT a new lab measurement.,2.77989296836114,1.782634807900323,2.6709465792822886,1.517625106620664,3.50351642987522,3.3039047435504987,28822.244645982573
MERC_SYN_135,MERCURIO_2020_P2,Topical cosmetic emulsion,MODEL_GENERATED_PUBLISHED_EQUATION,False,LATIN_HYPERCUBE_WITHIN_PUBLISHED_FACTOR_RANGE,10.1590/S2175-97902020000318502,https://www.scielo.br/j/bjps/a/MxDgqHGqq43Rn4VMDgcRqyw/?format=pdf&lang=en,NOT_INDEPENDENT_VALIDATION,Synthetic interpolation from author-published response equations; NOT a new lab measurement.,0.23201288639513107,2.8590385497626487,3.421967304086521,1.5847496439631987,4.125199772519257,2.943707894271,28284.504621768945
MERC_SYN_136,MERCURIO_2020_P2,Topical cosmetic emulsion,MODEL_GENERATED_PUBLISHED_EQUATION,False,LATIN_HYPERCUBE_WITHIN_PUBLISHED_FACTOR_RANGE,10.1590/S2175-97902020000318502,https://www.scielo.br/j/bjps/a/MxDgqHGqq43Rn4VMDgcRqyw/?format=pdf&lang=en,NOT_INDEPENDENT_VALIDATION,Synthetic interpolation from author-published response equations; NOT a new lab measurement.,1.392928859891844,0.7577947492213573,2.3031425195132638,1.4537160805614437,2.4703289357352687,2.040363436043567,26119.025058969582
MERC_SYN_137,MERCURIO_2020_P2,Topical cosmetic emulsion,MODEL_GENERATED_PUBLISHED_EQUATION,False,LATIN_HYPERCUBE_WITHIN_PUBLISHED_FACTOR_RANGE,10.1590/S2175-97902020000318502,https://www.scielo.br/j/bjps/a/MxDgqHGqq43Rn4VMDgcRqyw/?format=pdf&lang=en,NOT_INDEPENDENT_VALIDATION,Synthetic interpolation from author-published response equations; NOT a new lab measurement.,2.803112026130528,2.349309761849904,0.5929610476020022,1.55296295674896,3.7649044883991456,3.28159731836606,29689.834682851324
MERC_SYN_138,MERCURIO_2020_P2,Topical cosmetic emulsion,MODEL_GENERATED_PUBLISHED_EQUATION,False,LATIN_HYPERCUBE_WITHIN_PUBLISHED_FACTOR_RANGE,10.1590/S2175-97902020000318502,https://www.scielo.br/j/bjps/a/MxDgqHGqq43Rn4VMDgcRqyw/?format=pdf&lang=en,NOT_INDEPENDENT_VALIDATION,Synthetic interpolation from author-published response equations; NOT a new lab measurement.,2.0208670732707708,0.20813002068681186,3.7036134575365622,1.4194389880900296,1.9797522304337372,1.3095968045425324,25825.989478943924
MERC_SYN_139,MERCURIO_2020_P2,Topical cosmetic emulsion,MODEL_GENERATED_PUBLISHED_EQUATION,False,LATIN_HYPERCUBE_WITHIN_PUBLISHED_FACTOR_RANGE,10.1590/S2175-97902020000318502,https://www.scielo.br/j/bjps/a/MxDgqHGqq43Rn4VMDgcRqyw/?format=pdf&lang=en,NOT_INDEPENDENT_VALIDATION,Synthetic interpolation from author-published response equations; NOT a new lab measurement.,2.0901313525095713,1.232246274711382,4.561226983424952,1.4833028776910018,2.679918219520679,2.616736516184406,27416.953573755996
MERC_SYN_140,MERCURIO_2020_P2,Topical cosmetic emulsion,MODEL_GENERATED_PUBLISHED_EQUATION,False,LATIN_HYPERCUBE_WITHIN_PUBLISHED_FACTOR_RANGE,10.1590/S2175-97902020000318502,https://www.scielo.br/j/bjps/a/MxDgqHGqq43Rn4VMDgcRqyw/?format=pdf&lang=en,NOT_INDEPENDENT_VALIDATION,Synthetic interpolation from author-published response equations; NOT a new lab measurement.,0.8229931466446498,1.4089165041571092,2.213197098268257,1.4943200331992372,3.113843210454842,2.7696422307160216,26612.799272048185
MERC_SYN_141,MERCURIO_2020_P2,Topical cosmetic emulsion,MODEL_GENERATED_PUBLISHED_EQUATION,False,LATIN_HYPERCUBE_WITHIN_PUBLISHED_FACTOR_RANGE,10.1590/S2175-97902020000318502,https://www.scielo.br/j/bjps/a/MxDgqHGqq43Rn4VMDgcRqyw/?format=pdf&lang=en,NOT_INDEPENDENT_VALIDATION,Synthetic interpolation from author-published response equations; NOT a new lab measurement.,1.3765269254292916,0.7443362395383868,2.081043793394514,1.4528768078976138,2.4884724830216594,2.0251747613760176,26085.053643244886
MERC_SYN_142,MERCURIO_2020_P2,Topical cosmetic emulsion,MODEL_GENERATED_PUBLISHED_EQUATION,False,LATIN_HYPERCUBE_WITHIN_PUBLISHED_FACTOR_RANGE,10.1590/S2175-97902020000318502,https://www.scielo.br/j/bjps/a/MxDgqHGqq43Rn4VMDgcRqyw/?format=pdf&lang=en,NOT_INDEPENDENT_VALIDATION,Synthetic interpolation from author-published response equations; NOT a new lab measurement.,1.476822864166137,0.33636687771599305,3.2974604706652726,1.4274358384943693,1.9039420404924345,1.4374353207575095,25559.117314195224
MERC_SYN_143,MERCURIO_2020_P2,Topical cosmetic emulsion,MODEL_GENERATED_PUBLISHED_EQUATION,False,LATIN_HYPERCUBE_WITHIN_PUBLISHED_FACTOR_RANGE,10.1590/S2175-97902020000318502,https://www.scielo.br/j/bjps/a/MxDgqHGqq43Rn4VMDgcRqyw/?format=pdf&lang=en,NOT_INDEPENDENT_VALIDATION,Synthetic interpolation from author-published response equations; NOT a new lab measurement.,0.3125472996422911,1.0771617616929061,2.420843714669052,1.4736318074591697,3.02393354281118,2.839021090905775,25685.8973905264
MERC_SYN_144,MERCURIO_2020_P2,Topical cosmetic emulsion,MODEL_GENERATED_PUBLISHED_EQUATION,False,LATIN_HYPERCUBE_WITHIN_PUBLISHED_FACTOR_RANGE,10.1590/S2175-97902020000318502,https://www.scielo.br/j/bjps/a/MxDgqHGqq43Rn4VMDgcRqyw/?format=pdf&lang=en,NOT_INDEPENDENT_VALIDATION,Synthetic interpolation from author-published response equations; NOT a new lab measurement.,0.6166893141194423,0.32273147900540894,2.3253592583678024,1.4265855350307772,1.9800109045289844,1.672135370901346,24813.39044290208
MERC_SYN_145,MERCURIO_2020_P2,Topical cosmetic emulsion,MODEL_GENERATED_PUBLISHED_EQUATION,False,LATIN_HYPERCUBE_WITHIN_PUBLISHED_FACTOR_RANGE,10.1590/S2175-97902020000318502,https://www.scielo.br/j/bjps/a/MxDgqHGqq43Rn4VMDgcRqyw/?format=pdf&lang=en,NOT_INDEPENDENT_VALIDATION,Synthetic interpolation from author-published response equations; NOT a new lab measurement.,0.8828125754024563,1.466558571507081,2.645767236136532,1.4979145925191815,3.070170984777061,2.7755189512659246,26749.502434725673
MERC_SYN_146,MERCURIO_2020_P2,Topical cosmetic emulsion,MODEL_GENERATED_PUBLISHED_EQUATION,False,LATIN_HYPERCUBE_WITHIN_PUBLISHED_FACTOR_RANGE,10.1590/S2175-97902020000318502,https://www.scielo.br/j/bjps/a/MxDgqHGqq43Rn4VMDgcRqyw/?format=pdf&lang=en,NOT_INDEPENDENT_VALIDATION,Synthetic interpolation from author-published response equations; NOT a new lab measurement.,2.983572830932036,1.032259842866551,4.340181630725628,1.4708317238011581,3.288910187675369,3.058340320063307,27871.08996208565
MERC_SYN_147,MERCURIO_2020_P2,Topical cosmetic emulsion,MODEL_GENERATED_PUBLISHED_EQUATION,False,LATIN_HYPERCUBE_WITHIN_PUBLISHED_FACTOR_RANGE,10.1590/S2175-97902020000318502,https://www.scielo.br/j/bjps/a/MxDgqHGqq43Rn4VMDgcRqyw/?format=pdf&lang=en,NOT_INDEPENDENT_VALIDATION,Synthetic interpolation from author-published response equations; NOT a new lab measurement.,0.04706596594199014,2.4261297447515613,4.286447894725905,1.5577534508827073,4.053020874059705,3.3876529299565146,27480.71145224257
MERC_SYN_148,MERCURIO_2020_P2,Topical cosmetic emulsion,MODEL_GENERATED_PUBLISHED_EQUATION,False,LATIN_HYPERCUBE_WITHIN_PUBLISHED_FACTOR_RANGE,10.1590/S2175-97902020000318502,https://www.scielo.br/j/bjps/a/MxDgqHGqq43Rn4VMDgcRqyw/?format=pdf&lang=en,NOT_INDEPENDENT_VALIDATION,Synthetic interpolation from author-published response equations; NOT a new lab measurement.,0.4828324085021765,1.6640691997747719,1.076189704803367,1.5102313552979547,3.660061076300387,3.0737564062978247,26707.78056416589
MERC_SYN_149,MERCURIO_2020_P2,Topical cosmetic emulsion,MODEL_GENERATED_PUBLISHED_EQUATION,False,LATIN_HYPERCUBE_WITHIN_PUBLISHED_FACTOR_RANGE,10.1590/S2175-97902020000318502,https://www.scielo.br/j/bjps/a/MxDgqHGqq43Rn4VMDgcRqyw/?format=pdf&lang=en,NOT_INDEPENDENT_VALIDATION,Synthetic interpolation from author-published response equations; NOT a new lab measurement.,0.11431808234887514,1.586761350157572,4.395054262181687,1.5054104377958262,3.382288596266348,3.337826092802605,26281.336096707862
MERC_SYN_150,MERCURIO_2020_P2,Topical cosmetic emulsion,MODEL_GENERATED_PUBLISHED_EQUATION,False,LATIN_HYPERCUBE_WITHIN_PUBLISHED_FACTOR_RANGE,10.1590/S2175-97902020000318502,https://www.scielo.br/j/bjps/a/MxDgqHGqq43Rn4VMDgcRqyw/?format=pdf&lang=en,NOT_INDEPENDENT_VALIDATION,Synthetic interpolation from author-published response equations; NOT a new lab measurement.,1.5076634858853288,0.837525625263918,0.8173376716558345,1.4586880979914578,2.785325582934783,2.130308818616915,26335.09154288418
MERC_SYN_151,MERCURIO_2020_P2,Topical cosmetic emulsion,MODEL_GENERATED_PUBLISHED_EQUATION,False,LATIN_HYPERCUBE_WITHIN_PUBLISHED_FACTOR_RANGE,10.1590/S2175-97902020000318502,https://www.scielo.br/j/bjps/a/MxDgqHGqq43Rn4VMDgcRqyw/?format=pdf&lang=en,NOT_INDEPENDENT_VALIDATION,Synthetic interpolation from author-published response equations; NOT a new lab measurement.,2.9500984171053926,0.1933973950750586,3.866489850057943,1.4185202615568806,2.850357082239932,1.887332250131132,26587.532413681063
MERC_SYN_152,MERCURIO_2020_P2,Topical cosmetic emulsion,MODEL_GENERATED_PUBLISHED_EQUATION,False,LATIN_HYPERCUBE_WITHIN_PUBLISHED_FACTOR_RANGE,10.1590/S2175-97902020000318502,https://www.scielo.br/j/bjps/a/MxDgqHGqq43Rn4VMDgcRqyw/?format=pdf&lang=en,NOT_INDEPENDENT_VALIDATION,Synthetic interpolation from author-published response equations; NOT a new lab measurement.,1.460161798909192,2.058603965517487,2.0014842388921164,1.5348345432896704,3.3062587253278317,2.7834777309744103,28122.337987224895
MERC_SYN_153,MERCURIO_2020_P2,Topical cosmetic emulsion,MODEL_GENERATED_PUBLISHED_EQUATION,False,LATIN_HYPERCUBE_WITHIN_PUBLISHED_FACTOR_RANGE,10.1590/S2175-97902020000318502,https://www.scielo.br/j/bjps/a/MxDgqHGqq43Rn4VMDgcRqyw/?format=pdf&lang=en,NOT_INDEPENDENT_VALIDATION,Synthetic interpolation from author-published response equations; NOT a new lab measurement.,2.9162233582599297,0.685525081796535,1.5941374026036192,1.449209344100832,3.4749395165316095,2.6073746187169586,27295.41938464778
